technology_category,select_technology,technology_name,company_institution,country_of_origin,technology_description,target_crops_or_livestock,proven_yield_impact_data,application_method,regulatory_status_origin_country,unit_price_approx,partnership_model,additional_context
Fertilizers & Crop Protection (Nano Fertilisers),IFFCO Nano Urea (Liquid),IFFCO Nano Urea (Liquid),IFFCO (Indian Farmers Fertiliser Cooperative),India,"IFFCO Nano Urea Liquid is an innovative nanotechnology-based nitrogenous fertilizer containing 4% Nano Nitrogen particles (40,000 ppm). Nano Urea particles (size 20-50 nm) enter plant leaves through stomata and cuticular pores, providing direct intracellular nitrogen nutrition. A 500 ml bottle of Nano Urea effectively replaces at least one 45 kg bag of conventional top-dressed Urea, reducing chemical fertilizer pollution and soil degradation.","Paddy, Wheat, Maize, Mustard, Cotton, Sugarcane, Vegetables, Pulses","Increases crop yield by 8-10% with higher photosynthetic efficiency | Replaces at least one bag (45 kg) of conventional granular Urea per 500 ml bottle | High nutrient use efficiency (NUE > 80%) compared to 30-50% in conventional Urea | Reduces environmental pollution, nitrate leaching, and greenhouse gas emissions | Easy to transport, store, and apply via foliar spraying","Foliar Spray: Mix 2-4 ml of Nano Urea per liter of water. Apply 2 foliar sprays (1st spray at active tillering/branching stage, 2nd spray 20-25 days later or pre-flowering stage).",Fully registered & commercialised,₹225 per 500ml bottle,Distribution rights / Commercialised,"Active Ingredient/Technology: 4% Nano Nitrogen (40,000 ppm N) | Product Link: https://www.iffco.in/en/nano-fertilisers"
Fertilizers & Crop Protection (Nano Fertilisers),IFFCO Nano DAP (Liquid),IFFCO Nano DAP (Liquid),IFFCO (Indian Farmers Fertiliser Cooperative),India,"IFFCO Nano DAP is a nanotechnology-based complex fertilizer containing 8% Nano Nitrogen (N) and 16% Nano Phosphorus (P2O5). Nano DAP particles are designed to fulfill the critical phosphorus requirement of crops during seed germination, root development, and early seedling establishment.","Wheat, Paddy, Gram, Mustard, Soybean, Groundnut, Vegetables","Delivers targeted Nano Nitrogen and Nano Phosphorus directly to plant tissue | Replaces 50% requirement of conventional granular DAP | Enhances root density, seed germination vigor, and tillering | Improves grain quality, pod filling, and crop yields | Environmentally safe formulation with minimal soil fixation loss",Seed Treatment: 3-5 ml per kg of seed prior to sowing. Foliar Spray: 2-4 ml per liter of water at tillering/branching stage.,Fully registered & commercialised,₹600 per 500ml bottle,Distribution rights / Commercialised,Active Ingredient/Technology: 8% Nano Nitrogen (N) + 16% Nano Phosphorus (P2O5) | Product Link: https://www.iffco.in/en/nano-fertilisers
Fertilizers & Crop Protection (Primary Nutrients / Nitrogenous),IFFCO Neem Coated Urea,IFFCO Neem Coated Urea,IFFCO (Indian Farmers Fertiliser Cooperative),India,"IFFCO Neem Coated Urea is a primary nitrogenous fertilizer containing 46% Nitrogen. The neem oil coating acts as a natural nitrification inhibitor, preventing rapid conversion of ammoniacal nitrogen into nitrate form, thereby reducing leaching and volatilization losses.","Paddy, Wheat, Sugarcane, Cotton, Maize, Potatoes",Neem oil coating slows down nitrification and leaching losses | Increases crop uptake of nitrogen for dark green foliage and strong tillering | Protects against soilborne pests due to natural neem oil constituents | Increases crop yields per bag of applied fertilizer,Basal Soil Application during sowing and Top Dressing during active growth stage.,Fully registered & commercialised,₹266.50 per 45kg bag,Distribution rights / Commercialised,"Active Ingredient/Technology: 46% Nitrogen (N), Neem Oil Coating | Product Link: https://www.iffco.in/en/primary-nutrients"
Fertilizers & Crop Protection (Primary Nutrients),IFFCO DAP (Di-Ammonium Phosphate 18:46:0),IFFCO DAP (Di-Ammonium Phosphate 18:46:0),IFFCO (Indian Farmers Fertiliser Cooperative),India,"IFFCO DAP is a concentrated complex phosphatic fertilizer containing 18% Nitrogen and 46% Phosphorus (P2O5). It provides readily available water-soluble phosphate essential for early root development, tillering, and seedling vigor.","Wheat, Gram, Mustard, Paddy, Soybean, Pulses","Concentrated 46% P2O5 promotes deep root proliferation | Provides 18% Nitrogen for early shoot development | Essential basal fertilizer for pulses, cereals, and oilseeds | Improves crop resistance against early stress",Basal Soil Application at sowing/planting near the seed zone.,Fully registered & commercialised,"₹1,350 per 50kg bag",Distribution rights / Commercialised,"Active Ingredient/Technology: 18% Nitrogen (N), 46% Phosphorus (P2O5) | Product Link: https://www.iffco.in/en/primary-nutrients"
Fertilizers & Crop Protection (Primary Nutrients / Complex Fertilizer),IFFCO NPK (10:26:26),IFFCO NPK (10:26:26),IFFCO (Indian Farmers Fertiliser Cooperative),India,"IFFCO NPK 10:26:26 is a complex fertilizer containing 10% Nitrogen, 26% Phosphorus, and 26% Potassium. High potash content improves crop stem strength, drought resistance, and fruit/grain filling.","Sugarcane, Potato, Cotton, Oilseeds, Vegetables","Balanced 26% Potash promotes grain weight and lodging resistance | 26% Phosphorus ensures strong root establishment and flowering | Enhances fruit color, sugar content, and keeping quality | Ideal for cash crops, roots, and tubers",Basal Soil Application during land preparation or sowing.,Fully registered & commercialised,"₹1,470 per 50kg bag",Distribution rights / Commercialised,"Active Ingredient/Technology: 10% N, 26% P2O5, 26% K2O | Product Link: https://www.iffco.in/en/primary-nutrients"
Fertilizers & Crop Protection (Primary Nutrients / Complex Fertilizer),IFFCO NPK (12:32:16),IFFCO NPK (12:32:16),IFFCO (Indian Farmers Fertiliser Cooperative),India,IFFCO NPK 12:32:16 is a high-phosphorus complex fertilizer formulated for root establishment and heavy tillering in cereal and legume crops.,"Paddy, Wheat, Pulses, Vegetables","High 32% P2O5 accelerates early root and reproductive tissue development | Provides balanced Nitrogen (12%) and Potassium (16%) for plant growth | Improves flowering, pod setting, and harvest yield",Basal Soil Application prior to sowing.,Fully registered & commercialised,"₹1,470 per 50kg bag",Distribution rights / Commercialised,"Active Ingredient/Technology: 12% N, 32% P2O5, 16% K2O | Product Link: https://www.iffco.in/en/primary-nutrients"
Fertilizers & Crop Protection (Organic & Bio-Fertilisers),Sagarika Seaweed Extract (Granules / Liquid),Sagarika Seaweed Extract (Granules / Liquid),IFFCO (Indian Farmers Fertiliser Cooperative),India,"Sagarika is an organic biostimulant manufactured from Red & Brown Seaweed algae (Kappaphycus alvarezii & Sargassum). It is rich in natural plant hormones (auxins, cytokinins, gibberellins), essential amino acids, vitamins, and bio-available micro-nutrients.","Paddy, Wheat, Sugarcane, Cotton, Grapes, Vegetables, Fruits","Naturally stimulates crop growth, tillering, and root elongation | Enhances plant tolerance against drought, heat, and salinity stress | Increases chlorophyll content and photosynthetic efficiency | Reduces flower and fruit drop, improving harvest weight and yield",Granules: 8-10 kg/acre soil application at basal/top dressing. Liquid: 250-500 ml/acre foliar spray.,Fully registered & commercialised,₹600 per 10kg bag,Distribution rights / Commercialised,Active Ingredient/Technology: Red & Brown Seaweed Algae Extracts (Kappaphycus alvarezii & Sargassum) | Product Link: https://www.iffco.in/en/organic-and-bio-fertilisers
Fertilizers & Crop Protection (Water Soluble Fertilisers),Water Soluble NPK (19:19:19),Water Soluble NPK (19:19:19),IFFCO (Indian Farmers Fertiliser Cooperative),India,"100% water-soluble specialty fertilizer containing 19% Nitrogen, 19% Phosphorus, and 19% Potassium. Provides immediate balanced plant nutrition via foliar spray or drip fertigation.","Drip Irrigated Crops, Vegetables, Flowers, Grapes, Pomegranate",100% water-soluble for rapid plant absorption without nozzle clogging | Equal NPK ratio supports general vegetative and reproductive growth | Ideal booster spray during active crop growth and stress recovery,Foliar Spray: 5 g per liter of water (1 kg/acre). Drip Fertigation: 2-3 kg/acre.,Fully registered & commercialised,₹100 per pack,Distribution rights / Commercialised,"Active Ingredient/Technology: 19% Total N, 19% P2O5, 19% K2O | Product Link: https://www.iffco.in/en/water-soluble-fertilisers"
Fertilizers & Crop Protection (Water Soluble Fertilisers),Water Soluble Mono Potassium Phosphate (0:52:34),Water Soluble Mono Potassium Phosphate (0:52:34),IFFCO (Indian Farmers Fertiliser Cooperative),India,"100% water-soluble high phosphorus and potassium fertilizer (0% Nitrogen, 52% P2O5, 34% K2O) used during pre-flowering and fruit formation stages.","Grapes, Pomegranate, Tomato, Cotton, Mango","High phosphorus and potassium stimulate flower initiation and root strength | Zero nitrogen content prevents vegetative lush growth during flowering | Improves fruit weight, color, sweetness, and disease resistance",Foliar Spray: 5-10 g per liter of water during pre-flowering and fruit development.,Fully registered & commercialised,₹100 per pack,Distribution rights / Commercialised,"Active Ingredient/Technology: 52% P2O5, 34% K2O | Product Link: https://www.iffco.in/en/water-soluble-fertilisers"
Fertilizers & Crop Protection (Water Soluble Fertilisers),Water Soluble Potassium Nitrate (13:0:45),Water Soluble Potassium Nitrate (13:0:45),IFFCO (Indian Farmers Fertiliser Cooperative),India,"100% water-soluble fertilizer containing 13% Nitrate Nitrogen and 45% Potassium (K2O). Accelerates fruit enlargement, grain filling, and drought resistance.","Grapes, Banana, Citrus, Cotton, Potatoes",High potassium content enhances grain plumpness and fruit size | Nitrate nitrogen facilitates rapid potassium absorption | Improves post-harvest shelf life and market appearance,Foliar Spray: 5-10 g per liter of water during fruit development stage.,Fully registered & commercialised,₹100 per pack,Distribution rights / Commercialised,"Active Ingredient/Technology: 13% Nitrate N, 45% K2O | Product Link: https://www.iffco.in/en/water-soluble-fertilisers"
Fertilizers & Crop Protection (Nano Fertilisers),Gromor Nano DAP (Liquid),Gromor Nano DAP (Liquid),Coromandel International,India,Gromor Nano DAP consists of polymer-encapsulated di-ammonium phosphate particles in nano-size. Designed to deliver nano-scale nitrogen and phosphorus directly to plant leaves and root zone with high absorption efficiency.,"Paddy, Wheat, Maize, Cotton, Pulses, Vegetables","Delivers targeted N and P at nano-scale; replaces up to 50% conventional DAP requirement; improves root growth, tiller density, and harvest quality.",Seed Treatment: 3-5 ml/kg seed. Foliar Spray: 2-4 ml per liter of water at tillering/branching stage.,Fully registered & commercialised,₹600 per 500ml bottle,Distribution rights / Commercialised,Active Ingredient/Technology: Polymer-encapsulated Nano DAP (Nano N + Nano P2O5) | Product Link: https://www.coromandel.biz/products-services/nano/
Fertilizers & Crop Protection (Nano Fertilisers),Gromor Nano Urea (Liquid),Gromor Nano Urea (Liquid),Coromandel International,India,Gromor Nano Urea is a nanotechnology-based nitrogenous liquid fertilizer consisting of polymer-encapsulated nano-nitrogen particles. Provides immediate plant uptake via foliar stomatal entry.,"Paddy, Wheat, Sugarcane, Cotton, Maize, Vegetables",Replaces at least one bag of conventional urea; achieves >80% nitrogen use efficiency; reduces soil leaching and environmental runoff.,Foliar Spray: 2-4 ml per liter of water during active tillering or pre-flowering stage.,Fully registered & commercialised,₹225 per 500ml bottle,Distribution rights / Commercialised,Active Ingredient/Technology: Polymer-encapsulated Nano Urea (4% N) | Product Link: https://www.coromandel.biz/products-services/nano/
Fertilizers & Crop Protection (Complex Fertilisers),Gromor 14-35-14 (Complex Fertiliser),Gromor 14-35-14 (Complex Fertiliser),Coromandel International,India,"Gromor 14-35-14 is a premium high-phosphorus complex fertilizer containing 14% Nitrogen, 35% Phosphorus (P2O5), and 14% Potash (K2O). Formulated for heavy root growth and tillering.","Paddy, Wheat, Sugarcane, Cotton, Potato, Chilli","High 35% phosphorus content drives strong root development, crop establishment, and early flowering vigor.",Basal Soil Application during land preparation or sowing near root zone.,Fully registered & commercialised,"₹1,470 per 50kg bag",Distribution rights / Commercialised,"Active Ingredient/Technology: 14% N, 35% P2O5, 14% K2O | Product Link: https://www.coromandel.biz/products-services/fertiliser/"
Fertilizers & Crop Protection (Complex Fertilisers),Gromor 28-28-0 (Complex Fertiliser),Gromor 28-28-0 (Complex Fertiliser),Coromandel International,India,"Gromor 28-28-0 is a high-nitrogen and high-phosphorus complex fertilizer containing equal 28% N and 28% P2O5, ideal for vegetative and early crop stage nutrition.","Paddy, Wheat, Cotton, Maize, Sugarcane","Provides equal high N and P2O5 for fast canopy growth, tillering, and shoot vigor.",Basal Soil Application and top dressing during early growth stage.,Fully registered & commercialised,"₹1,450 per 50kg bag",Distribution rights / Commercialised,"Active Ingredient/Technology: 28% Nitrogen, 28% Phosphorus (P2O5) | Product Link: https://www.coromandel.biz/products-services/fertiliser/"
Fertilizers & Crop Protection (Complex Fertilisers),Gromor 10-26-26 (Complex Fertiliser),Gromor 10-26-26 (Complex Fertiliser),Coromandel International,India,"Gromor 10-26-26 is a potash-rich complex fertilizer containing 10% N, 26% P2O5, and 26% K2O. Enhances grain boldness, tuber size, and disease tolerance.","Potato, Onion, Sugarcane, Oilseeds, Vegetables","Equal high P and K content strengthens stalks, prevents crop lodging, and increases fruit color and shelf-life.",Basal Soil Application prior to sowing or transplanting.,Fully registered & commercialised,"₹1,470 per 50kg bag",Distribution rights / Commercialised,"Active Ingredient/Technology: 10% N, 26% P2O5, 26% K2O | Product Link: https://www.coromandel.biz/products-services/fertiliser/"
Fertilizers & Crop Protection (Complex Fertilisers),Gromor Paramfos (16:20:0:13),Gromor Paramfos (16:20:0:13),Coromandel International,India,"Gromor Paramfos 16:20:0:13 is an ammonium phosphate sulphate complex fertilizer providing 16% Nitrogen, 20% Phosphorus, and 13% Sulphur.","Mustard, Soybean, Groundnut, Pulses, Paddy",Provides essential Sulphur (13%) crucial for oil content in oilseeds and protein synthesis in pulses.,Basal Soil Application at sowing/planting.,Fully registered & commercialised,"₹1,300 per 50kg bag",Distribution rights / Commercialised,"Active Ingredient/Technology: 16% N, 20% P2O5, 13% Sulphur (S) | Product Link: https://www.coromandel.biz/products-services/fertiliser/"
Fertilizers & Crop Protection (Phosphatic Fertilisers),Gromor Single Super Phosphate (SSP 16% P2O5),Gromor Single Super Phosphate (SSP 16% P2O5),Coromandel International,India,"Gromor Single Super Phosphate contains 16% water-soluble P2O5, 11% Sulphur, and 19% Calcium. Essential for root elongation and soil structure improvement.","Groundnut, Soybean, Pulses, Oilseeds, Sugarcane","Provides 3 major nutrients (P, S, Ca) in single fertilizer; improves soil aggregation and root penetration.",Soil Application during land preparation.,Fully registered & commercialised,₹550 per 50kg bag,Distribution rights / Commercialised,"Active Ingredient/Technology: 16% P2O5, 11% Sulphur, 19% Calcium | Product Link: https://www.coromandel.biz/products-services/fertiliser/"
Fertilizers & Crop Protection (Potassic Fertilisers),Gromor MOP (Muriate of Potash 60% K2O),Gromor MOP (Muriate of Potash 60% K2O),Coromandel International,India,"Gromor Muriate of Potash contains 60% Potassium (K2O). Regulates plant water relation, stomatal activity, and fruit enzyme activation.","Sugarcane, Potato, Banana, Paddy, Cotton","Enhances crop drought resistance, grain weight, starch accumulation, and disease immunity.",Soil Application as basal or split top dressing.,Fully registered & commercialised,"₹1,700 per 50kg bag",Distribution rights / Commercialised,Active Ingredient/Technology: 60% Potassium (K2O) | Product Link: https://www.coromandel.biz/products-services/fertiliser/
Fertilizers & Crop Protection (Biostimulants & Bio-Products),Fantac Plus (Biostimulant / Plant Growth Promoter),Fantac Plus (Biostimulant / Plant Growth Promoter),Coromandel International,India,"Fantac Plus is a premium biostimulant containing Amino acids and Vitamin combination that stimulates vegetative growth, flower retention, and stress tolerance.","Cotton, Chilli, Tomato, Paddy, Fruits & Vegetables","Prevents flower drop, promotes uniform fruit set, and boosts yield by 15-20%.",Foliar Spray: 1 ml per liter of water at flowering and fruit initiation stage.,Fully registered & commercialised,₹450 per 250ml bottle,Distribution rights / Commercialised,Active Ingredient/Technology: Amino Acid Complex & Vitamins | Product Link: https://www.coromandel.biz/products-services/bio-products/
Fertilizers & Crop Protection (Crop Protection / Bio-Insecticide),Neemazal (Botanical Insecticide / Azadirachtin),Neemazal (Botanical Insecticide / Azadirachtin),Coromandel International,India,"Neemazal is a botanical bio-insecticide derived from neem seed kernels containing Azadirachtin. Provides multi-action antifeedant, repellent, and oviposition deterrent control.","Cotton, Vegetables, Tea, Pulses, Paddy","Broad-spectrum control against sucking pests, bollworms, and leaf miners without harming beneficial insects.",Foliar Spray: 2-3 ml per liter of water upon initial pest appearance.,Fully registered & commercialised,₹380 per 500ml bottle,Distribution rights / Commercialised,Active Ingredient/Technology: Azadirachtin (Neem EC) | Product Link: https://www.coromandel.biz/products-services/bio-products/
Fertilizers & Crop Protection (Fungicide),Acrobat,Acrobat,BASF India,India,BASF India Fungicide product: Acrobat. Formulated for high quality crop performance and protection.,Not specified on site,Farming and Crop Protection | Crop Solutions,Polyram® Polyram is an ideal tank mix and spray program partner due to its versatile Mode of Action i.e. multisite action. Polyram has the very small particle size of WG formulation which:,Fully registered & commercialised,₹450 per 100g pack,Distribution rights / Commercialised,"Active Ingredient/Technology: Breadcrumb Farming and Crop Protection Crop Solutions By Crop Grapes BASFs solutions for Grapes Related Products Acrobat® Acrobat is a systemic fungicide containing Dimethomorph.It is used for treating downy mildew and Late blight caused by organisms such as Pythium and Phytophthora species. Lihocin® Lihocin® is a Plant growth regulator used in crops Cotton, Potato, Brinjal & Grapes. Lihocin® channelizes the plant growth in the desired direction at a particular period of time which results in more yield & better quality produce. Zampro ® For Late blight and Downy mildew many options are available but are those enough to protect your crop with quality benefits. Are we missing an essential piece. Presenting BASF Zampro an essential piece in your crop success. Most advanced fungicide to control critical diseases. Polyram® Polyram is an ideal tank mix and spray program partner due to its versatile Mode of Action i.e. multisite action. Polyram has the very small particle size of WG formulation which: Sercadis® Plus Give a powerful start to managing Powdery Mildew and broad spectrum control of other diseases with Sercadis® Plus, a brilliant combination of Xemium® and an acclaimed DMI chemistry. Acrobat® Complete Get to know Acrobat® Complete, BASF’s latest fungicide which is a unique, balanced blend of two most trusted potential actives, Dimethomorph and Metiram. Signum® Give “unmatched freshness” to your fruits with Signum®. Signum® with the combination of Boscalid (Worlds first SDHI chemistry) and F500, is the leading fungicide used in specialty crops for the control of a wide spectrum of diseases as well as for enhanced plant/fruit health. Acrisio® Acrisio® - The Powdery Mildew Specialist, is a novel chemistry with unique mode of action which provides comprehensive disease control. Cabrio® Top Cabrio® Top improves the quality and yield of your crop with its superior disease control. With its advanced plant health benefits, it gives longer duration protection with lesser sprays. Merivon® Merivon® contains a unique combination of Xemium®, the latest fungicide innovation by BASF, and F-500, the #1 Plant Health Fungicide. ‹› BASF proudly presents a Smarter way of Grape farming with BASF Grapes Spray Program that is Dependable, Efficient and Safe! 1. Dependable BASF is a research-based company and focusses on bringing innovative products for the grape growers. All the products in BASF’s Grape portfolio are research based and innovative which have brought a revolution in the world of Grape farming. Every product from BASF’s portfolio has immense contribution in Grape farming in India considering criticality of diseases like Downey mildew and Powdery Mildew. Every grape grower has welcomed all our products with bigger heart and expectations. And BASF has strived to deliver the best against the expectations of the grape growers. This is echoed in the immense trust of Grape growers on BASF and its products and farmers get a peace of mind after using BASF products in the Grape orchards. 2. Efficient Every product of BASF has provided superior control over diseases when they are used at recommended stages and doses. Also, you must have experienced its long duration control under the recommended climatic conditions which helps to avoid additional sprays, saving money from unnecessary spraying. 3. Safe Most importantly, BASF products play a very important role in resistance management, and our spray schedule is designed as per the FRAC guidelines. BASF recommends products to grape growers as per label claim only. All our products are included in annexure 5 of NRCG Pune. In case of Grapes export, all our product’s export and import standards are approved in EU and CODEX apart from Asian countries like China, Gulf or Bangladesh. India's grape farming is appreciated worldwide, and we are proud to be a contributor to this growing community. Let's go through BASF's trusted players one by one! Acrobat BASF's Acrobat is an important pillar of trust of grape farming in India. Acrobat has been the most trusted partner for grape growers since many years and has consistently shown its commitment to farmers across the country. In fact, it is the first choice of the farmers who cultivate grape vineyards in Nashik, Pune, Sangli, Karnataka, and Tamil Nadu. What sets BASF's Acrobat apart from the rest are its performance and efficiency in the grape orchards. Because of that, BASF's Acrobat has been identified as most trusted partner in Grape’s farming. BASF Acrobat - The Pillar of Trust. How it works ? Acrobat is effective against all the stages of fungi with its unique mode of action of Cell wall lysis. Acrobat provides effective results due to its translaminar and anti-sporulant action. Acrobat Complete Give your grapes a Complete solution for Downy Mildew and resistance management. Get to know Acrobat® Complete, BASF’s latest fungicide, which is a unique, balanced blend of two most trusted potential actives Dimethomorph and Metiram. Acrobat® Complete brings together the years of grower’s trust on BASF and a legendary brand in use along with the technology that brings ease of use while providing the best protection against Downey Mildew right from the beginning of the season. Cabrio® Top Cabrio® Top improves the quality and yield of your crop with its superior disease control. With its advanced plant health benefits, it gives longer duration protection with lesser sprays. Benefits of using Cabrio® Top Fungicide • Broad spectrum disease control • Longer duration control • Enjoy its AgCelence® benefits: Improvement in quality & yield of your crop Harvesting a healthy crop requires the right management with proper fungicide. Thus, BASF offers an innovative solution: Cabrio® Top, the broad-spectrum fungicide, trusted by many Indian farmers today. How it works? Cabrio® Top blocks the energy supply of the fungus so it does not spread further in the plant. With its unique mode of action, it penetrates fast in the leaf tissues and deposits in the waxy layer, ensuring a longer protection duration. Zampro ® Zampro is a new novel fungicide against Downy mildew disease in Grapes and Cucurbits with new mode of action & provides best in class resistance Management. For Downy mildew many options are available but are those enough to protect your crop with quality benefits. Are we missing an essential piece. Presenting BASF Zampro an essential piece in your crop success. Most advanced fungicide to control critical diseases. Benefits Of Zampro ® • Most advanced fungicide to control Downy mildew and Late blight diseases • Very High Intrinsic efficay against Infectious stages of oomycetes • High Adsorption • High Re distribution • Novel tool in Resistance Management • User friendly SC formulation with dispersion • Excellent rainfast ness of 2hr • Zampro has an Excellent Toxilogical & environmental profile How it works? Zampro Inhibits Zoo-spore formation & Release zoosporangia, release, motility & germination Zampro dual mode of action: • Stops energy flow of fungus • Cell wall lysis Polyram® Polyram is broad spectrum contact fungicide from EBDC group for wide range of crops. It provides Broad spectrum disease protection with safe Zinc (14%) supplement, which helps in better crop health. Polyram is an ideal tank mix and spray program partner due to its versatile Mode of Action i.e. multisite action. Polyram has the very small particle size of WG formulation which: 1. Provides more biological activity because they give better coverage of the plant surface 2. Suspends better and stay in suspension for longer 3. Adhere better to the plant surface and are better redistributed by light rain or dew Benefits • Protection: Broad spectrum disease control • Nutrition: Healthy Green Crop- Added Zn 14% • WG Formulation: Easy dispersion in water & No stains Acrisio® Acrisio® - The Powdery Mildew Specialist, is a novel chemistry with unique mode of action which provides comprehensive disease control. Acrisio®, globally known as Vivando; is grouped under group “U8” by ‘FRAC’. This is the only chemical available in India in this group & hence stands as the best tool for effective Powdery Mildew resistance management in Grape & Apple. Benefits: Comprehensive disease control New Chemistry and unique mode of action Good tool in Resistance Management due to it Dual mode of action with low risk chemistry How it works? Acrisio® disrupts the activity of the fungus right at the tip of the hyphae, preventing further fungus growth. Due do its systemic chemistry it effectively protects the entire canopy from powdery mildew. Merivon® Protect your crop from yield losses due to disease Powdery mildew . Get to know Merivon®, BASF’s latest fungicide which provides more consistent performance for maximum crop potential. Merivon® contains a unique combination of Xemium®, the latest fungicide innovation by BASF, and F-500, the #1 Plant Health Fungicide. Benefits • Broad spectrum disease control • Faster & longer duration control • Enjoy its AgCelence® benefit: Enhanced fruit quality How it works? Xemium®, is fully adsorbed and evenly transported in the leaves ensuring exceptional distribution and continuous action, thereby controlling the diseases for longer duration. Sercadis® Plus Give a powerful start to managing Powdery Mildew and broad spectrum control of other diseases with Sercadis® Plus, a brilliant combination of Xemium® and an acclaimed DMI chemistry. Sercadis® Plus contains Xemium®, an innovative active ingredient belonging to the carboxamide class (SDHI) and Difenconazole a well-established and known safe Triazole (DMI). It provides excellent disease control against powdery mildew. Benefits Outstanding protection against broad spectrum of diseases such as Powdery Mildew in Grapes, Scab and Powdery Mildew in Apple Excellent new leaf protection Favourable PHI and Robust MRLs which offers an easy and safe use How it works? Sercadis® Plus builds on the complementary strengths of Xemium and Difenoconazole giving rise to a broad-spectrum product with a reduced resistance risk. | Product Link: https://crop-protection.basf.in/en/Grapes"
Fertilizers & Crop Protection (Fungicide),Acrisio®,Acrisio®,BASF India,India,BASF India Fungicide product: Acrisio®. Formulated for high quality crop performance and protection.,Not specified on site,Comprehensive disease control | New Chemistry and unique mode of action | Good tool in Resistance Management due to it Dual mode of action with low risk chemistry,Polyram® Polyram is an ideal tank mix and spray program partner due to its versatile Mode of Action i.e. multisite action. Polyram has the very small particle size of WG formulation which:,Fully registered & commercialised,₹650 per 250ml bottle,Distribution rights / Commercialised,"Active Ingredient/Technology: Acrisio®, globally known as Vivando; is grouped under group “U8” by ‘FRAC’. This is the only chemical available in India in this group & hence stands as the best tool for effective Powdery Mildew resistance management in Grape & Apple. Benefits Comprehensive disease control New Chemistry and unique mode of action Good tool in Resistance Management due to it Dual mode of action with low risk chemistry How it works? Acrisio® disrupts the activity of the fungus right at the tip of the hyphae, preventing further fungus growth. Due do its systemic chemistry it effectively protects the entire canopy from powdery mildew. Unique mode of action Effective control of diseases Results in Powdery Mildew Product application information:GrapeTarget Disease / PestDosage / Application RateWater VolumePHIPowdery Mildew 100 ml / acre 300 L/ acrePHI of 22 daysAppleTarget Disease / PestDosage / Application RateWater VolumePHIPowdery Mildew 0.15 ml/l 1000 L /acrePHI of 42 daysMangoTarget Disease / PestDosage / Application RateWater VolumePHIPowdery Mildew 0.2ml/L400 L / acrePHI of 35 DaysCucumberTarget Disease / PestDosage / Application RateWater VolumePHIPowdery Mildew 100 ml/acre 200 L/acrePHI of 35 Days ChiliTarget Disease / PestDosage / Application RateWater VolumePHIPowdery Mildew 100 ml/acre 200 L/acrePHI of 7 Days DFU Acrobat® Acrobat is a systemic fungicide containing Dimethomorph.It is used for treating downy mildew and Late blight caused by organisms such as Pythium and Phytophthora species. Lihocin® Lihocin® is a Plant growth regulator used in crops Cotton, Potato, Brinjal & Grapes. Lihocin® channelizes the plant growth in the desired direction at a particular period of time which results in more yield & better quality produce. Zampro ® For Late blight and Downy mildew many options are available but are those enough to protect your crop with quality benefits. Are we missing an essential piece. Presenting BASF Zampro an essential piece in your crop success. Most advanced fungicide to control critical diseases. Polyram® Polyram is an ideal tank mix and spray program partner due to its versatile Mode of Action i.e. multisite action. Polyram has the very small particle size of WG formulation which: Sercadis® Plus Give a powerful start to managing Powdery Mildew and broad spectrum control of other diseases with Sercadis® Plus, a brilliant combination of Xemium® and an acclaimed DMI chemistry. Acrobat® Complete Get to know Acrobat® Complete, BASF’s latest fungicide which is a unique, balanced blend of two most trusted potential actives, Dimethomorph and Metiram. Signum® Give “unmatched freshness” to your fruits with Signum®. Signum® with the combination of Boscalid (Worlds first SDHI chemistry) and F500, is the leading fungicide used in specialty crops for the control of a wide spectrum of diseases as well as for enhanced plant/fruit health. Cabrio® Top Cabrio® Top improves the quality and yield of your crop with its superior disease control. With its advanced plant health benefits, it gives longer duration protection with lesser sprays. Merivon® Merivon® contains a unique combination of Xemium®, the latest fungicide innovation by BASF, and F-500, the #1 Plant Health Fungicide. ‹› | Product Link: https://crop-protection.basf.in/en/fungicide/acrisio"
Fertilizers & Crop Protection (Fungicide),Acrobat®,Acrobat®,BASF India,India,BASF India Fungicide product: Acrobat®. Formulated for high quality crop performance and protection.,Not specified on site,Provides excellent control on Downy Mildew and Late Blight | Effective against all the stages of fungi | Unique mode of action: Cell wall lysis | Translaminar & Anti-sporulant,Product application informationGrapesTarget DiseaseDosage/Application rateWater VolumePHIWhen to ApplyDowny Mildew 400 g/acre300 L/acre34Prophylactic applicationPotatoTarget DiseaseDosage/Application rateWater VolumePHIWhen to ApplyLate blight400 g/acre300 L/acre16Prophylactic application,Fully registered & commercialised,₹450 per 100g pack,Distribution rights / Commercialised,"Active Ingredient/Technology: Acrobat is supporting Indian Fruits & Vegetable growers to manage their crops most devastating disease in a very effective way and providing peace of mind. Acrobat is a systemic fungicide containing Dimethomorph.It is used for treating downy mildew and Late blight caused by organisms such as Pythium and Phytophthora species. Benefits of Acrobat Fungicide Provides excellent control on Downy Mildew and Late Blight Effective against all the stages of fungi Unique mode of action: Cell wall lysis Translaminar & Anti-sporulant Dimethomorph is a systemic morpholine fungicide for use on potatoes. Its mode of action is the inhibition of sterol (ergosterol) synthesisHow it works ?Acrobat is effective against all the stages of fungi with it's unique mode of action of Cell wall lysis. Acrobat provides effective results due to its translaminar and anti sporulant action. Product application informationGrapesTarget DiseaseDosage/Application rateWater VolumePHIWhen to ApplyDowny Mildew 400 g/acre300 L/acre34Prophylactic applicationPotatoTarget DiseaseDosage/Application rateWater VolumePHIWhen to ApplyLate blight400 g/acre300 L/acre16Prophylactic application Downloads msds Xelora® Xelora is systemic fungicide with a unique FS (Flowable concentrate for seed treatment) formulation made for seed treatment. It ensures ""Ek Sahi Shuruat"" Lihocin® Lihocin® is a Plant growth regulator used in crops Cotton, Potato, Brinjal & Grapes. Lihocin® channelizes the plant growth in the desired direction at a particular period of time which results in more yield & better quality produce. Zampro ® For Late blight and Downy mildew many options are available but are those enough to protect your crop with quality benefits. Are we missing an essential piece. Presenting BASF Zampro an essential piece in your crop success. Most advanced fungicide to control critical diseases. Polyram® Polyram is an ideal tank mix and spray program partner due to its versatile Mode of Action i.e. multisite action. Polyram has the very small particle size of WG formulation which: Sercadis® Plus Give a powerful start to managing Powdery Mildew and broad spectrum control of other diseases with Sercadis® Plus, a brilliant combination of Xemium® and an acclaimed DMI chemistry. Acrobat® Complete Get to know Acrobat® Complete, BASF’s latest fungicide which is a unique, balanced blend of two most trusted potential actives, Dimethomorph and Metiram. Signum® Give “unmatched freshness” to your fruits with Signum®. Signum® with the combination of Boscalid (Worlds first SDHI chemistry) and F500, is the leading fungicide used in specialty crops for the control of a wide spectrum of diseases as well as for enhanced plant/fruit health. Acrisio® Acrisio® - The Powdery Mildew Specialist, is a novel chemistry with unique mode of action which provides comprehensive disease control. Cabrio® Top Cabrio® Top improves the quality and yield of your crop with its superior disease control. With its advanced plant health benefits, it gives longer duration protection with lesser sprays. Merivon® Merivon® contains a unique combination of Xemium®, the latest fungicide innovation by BASF, and F-500, the #1 Plant Health Fungicide. ‹› | Product Link: https://crop-protection.basf.in/en/fungicide/acrobat"
Fertilizers & Crop Protection (Fungicide),Acrobat® Complete,Acrobat® Complete,BASF India,India,BASF India Fungicide product: Acrobat® Complete. Formulated for high quality crop performance and protection.,Not specified on site,"Acrobat® Complete | Reliable solution for effective Downey Mildew control | Convenience of balanced AI content in premix formulation. Easy dispersion, no mixing of other molecules is required. | Good tool in Resistance Management due to it Dual mode of action with low risk chemistry",Polyram® Polyram is an ideal tank mix and spray program partner due to its versatile Mode of Action i.e. multisite action. Polyram has the very small particle size of WG formulation which:,Fully registered & commercialised,₹450 per 100g pack,Distribution rights / Commercialised,"Active Ingredient/Technology: Acrobat® Complete brings together the years of grower’s trust on BASF and a legendary brand in use along with the technology that brings ease of use while providing the best protection against Downey Mildew right from the beginning of the season. Benefits Reliable solution for effective Downey Mildew control Convenience of balanced AI content in premix formulation. Easy dispersion, no mixing of other molecules is required. Good tool in Resistance Management due to it Dual mode of action with low risk chemistry Product application information:GrapeTarget Disease / PestDosage / Application RateWhen and how to applyPHI Downy Mildew 1000 g / acre Ponga Stage 66 daysPotatoTarget Disease / PestDosage / Application RatePHILate Blight 1000 g / acre 11 daysTomatoTarget Disease / PestDosage / Application RatePHIEarly blight and Late blight 1000 g / acre 10 daysCucumberTarget Disease / PestDosage / Application RatePHIDowny Mildew 1000 g / acre 24 days Xelora® Xelora is systemic fungicide with a unique FS (Flowable concentrate for seed treatment) formulation made for seed treatment. It ensures ""Ek Sahi Shuruat"" Acrobat® Acrobat is a systemic fungicide containing Dimethomorph.It is used for treating downy mildew and Late blight caused by organisms such as Pythium and Phytophthora species. Lihocin® Lihocin® is a Plant growth regulator used in crops Cotton, Potato, Brinjal & Grapes. Lihocin® channelizes the plant growth in the desired direction at a particular period of time which results in more yield & better quality produce. Zampro ® For Late blight and Downy mildew many options are available but are those enough to protect your crop with quality benefits. Are we missing an essential piece. Presenting BASF Zampro an essential piece in your crop success. Most advanced fungicide to control critical diseases. Polyram® Polyram is an ideal tank mix and spray program partner due to its versatile Mode of Action i.e. multisite action. Polyram has the very small particle size of WG formulation which: Sercadis® Plus Give a powerful start to managing Powdery Mildew and broad spectrum control of other diseases with Sercadis® Plus, a brilliant combination of Xemium® and an acclaimed DMI chemistry. Signum® Give “unmatched freshness” to your fruits with Signum®. Signum® with the combination of Boscalid (Worlds first SDHI chemistry) and F500, is the leading fungicide used in specialty crops for the control of a wide spectrum of diseases as well as for enhanced plant/fruit health. Acrisio® Acrisio® - The Powdery Mildew Specialist, is a novel chemistry with unique mode of action which provides comprehensive disease control. Cabrio® Top Cabrio® Top improves the quality and yield of your crop with its superior disease control. With its advanced plant health benefits, it gives longer duration protection with lesser sprays. Merivon® Merivon® contains a unique combination of Xemium®, the latest fungicide innovation by BASF, and F-500, the #1 Plant Health Fungicide. ‹› | Product Link: https://crop-protection.basf.in/en/fungicide/acrobat-complete"
Fertilizers & Crop Protection (Fungicide),Cabrio® Top,Cabrio® Top,BASF India,India,BASF India Fungicide product: Cabrio® Top. Formulated for high quality crop performance and protection.,Not specified on site,Cabrio® Top | Broad spectrum disease control | Longer duration control | Enjoy its AgCelence® benefits: Improvement in quality & yield of your crop,"Cabrio® Top improves the quality and yield of your crop with its superior disease control. With its advanced plant health benefits, it gives longer duration protection with lesser sprays.",Fully registered & commercialised,₹650 per 250ml bottle,Distribution rights / Commercialised,"Active Ingredient/Technology: With its advanced plant health benefits, it gives longer duration protection with lesser sprays. Benefits of using Cabrio® Top Fungicide Broad spectrum disease controlLonger duration controlEnjoy its AgCelence® benefits: Improvement in quality & yield of your crop Harvesting a healthy crop requires the right management with proper fungicide. Thus, BASF offers an innovative solution: Cabrio® Top, the broad-spectrum fungicide, trusted by many Indian farmers today.How it works?Cabrio® Top blocks the energy supply of the fungus so it does not spread further in the plant. With its unique mode of action, it penetrates fast in the leaf tissues and deposits in the waxy layer, ensuring a longer protection duration. Product application information:ApplesTarget Disease/PestDosage/Application rateWater VolumePHIPremature leaf fall disease (Marssinona spp.) & Alternaria leaf spot and Blight100g/100 L water 12 GrapeTarget Disease/PestDosage/Application rateWater VolumePHIDowny Mildew600-700g/acre200L/acre34ChilliTarget Disease/PestDosage/Application rateWater VolumePHIAnthracnose600-700g/acre200L/acre5OnionTarget Disease/PestDosage/Application rateWater VolumePHIPurple Blotch600-700g/acre200L/acre16TomatoTarget Disease/PestDosage/Application rateWater VolumePHIEarly Blight600-700g/acre200L/acre5PotatoTarget Disease/PestDosage/Application rateWater VolumePHILate Blight600-700g/acre200L/acre15Green GramTarget Disease/PestDosage/Application rateWater VolumePHICercospora leaf spot600-700g/acre200L/acre18GroundnutTarget Disease/PestDosage/Application rateWater VolumePHITikka Disease600-700g/acre200L/acre42PomegranateTarget Disease/PestDosage/Application rateWater VolumePHIFruit Spot Disease600-700g/acre200L/acre67BananaTarget Disease/PestDosage/Application rateWater VolumePHISigatoka leaf spot Disease600-700g/acre200L/acre85BlackgramTarget Disease/PestDosage/Application rateWater VolumePHIleaf spot Disease600-700g/acre200L/acre32CucumberTarget Disease/PestDosage/Application rateWater VolumePHIDowny Mildew600-700g/acre200L/acre5CuminTarget Disease/PestDosage/Application rateWater VolumePHIAlternaria Blight & Powdery Mildew600-700g/acre200L/acre20Bitter gourdTarget Disease/PestDosage/Application rateWater VolumePHIDowny Mildew600-700g/acre200L/acre5 Xelora® Xelora is systemic fungicide with a unique FS (Flowable concentrate for seed treatment) formulation made for seed treatment. It ensures ""Ek Sahi Shuruat"" Acrobat® Acrobat is a systemic fungicide containing Dimethomorph.It is used for treating downy mildew and Late blight caused by organisms such as Pythium and Phytophthora species. Lihocin® Lihocin® is a Plant growth regulator used in crops Cotton, Potato, Brinjal & Grapes. Lihocin® channelizes the plant growth in the desired direction at a particular period of time which results in more yield & better quality produce. Zampro ® For Late blight and Downy mildew many options are available but are those enough to protect your crop with quality benefits. Are we missing an essential piece. Presenting BASF Zampro an essential piece in your crop success. Most advanced fungicide to control critical diseases. Polyram® Polyram is an ideal tank mix and spray program partner due to its versatile Mode of Action i.e. multisite action. Polyram has the very small particle size of WG formulation which: Sercadis® Plus Give a powerful start to managing Powdery Mildew and broad spectrum control of other diseases with Sercadis® Plus, a brilliant combination of Xemium® and an acclaimed DMI chemistry. Acrobat® Complete Get to know Acrobat® Complete, BASF’s latest fungicide which is a unique, balanced blend of two most trusted potential actives, Dimethomorph and Metiram. Signum® Give “unmatched freshness” to your fruits with Signum®. Signum® with the combination of Boscalid (Worlds first SDHI chemistry) and F500, is the leading fungicide used in specialty crops for the control of a wide spectrum of diseases as well as for enhanced plant/fruit health. Acrisio® Acrisio® - The Powdery Mildew Specialist, is a novel chemistry with unique mode of action which provides comprehensive disease control. Merivon® Merivon® contains a unique combination of Xemium®, the latest fungicide innovation by BASF, and F-500, the #1 Plant Health Fungicide. ‹› | Product Link: https://crop-protection.basf.in/en/fungicide/cabrio-top"
Fertilizers & Crop Protection (Fungicide),Melyra®,Melyra®,BASF India,India,BASF India Fungicide product: Melyra®. Formulated for high quality crop performance and protection.,Not specified on site,"Effective: Strong broad spectrum disease control, long lasting disease control & preventive & quick action | Enhance: Greener plants & stronger photosynthesis leads to more branching, more flowering & more pods per plant. Also, better crop uniformity | Ensure: Uniform bold grains, Higher yield potential & better returns",1st spray at Flowering stage & 2nd spray at fruit development stage,Fully registered & commercialised,₹650 per 250ml bottle,Distribution rights / Commercialised,"Active Ingredient/Technology: Melyra®, powered by Revysol active, features a unique combination of Isopropanol-Azole and Strobilurin. It combines Mefentrifluconazole 200 g/l + Pyraclostrobin 200 g/l SC is a broad-spectrum fungicide. It is a very effective fungicide for the control Anthracnose and Choanephora blight in Chilli, Northern leaf blight and Southern blight in corn, grey mildew in Cotton, Tikka leaf spot and rust in Groundnut, Frog eye leaf spot and Target leaf spot in Soybean and Early blight and Septoria leaf spot in Tomato. BASF Melyra®: Powered by Revysol®: - “Jaha Har Patta Ek Kahani Kahata hai.” Effective: Strong broad spectrum disease control, long lasting disease control & preventive & quick action Enhance: Greener plants & stronger photosynthesis leads to more branching, more flowering & more pods per plant. Also, better crop uniformity Ensure: Uniform bold grains, Higher yield potential & better returns Inquire about Melyra®: How it works? Melyra® delivers advanced dual-action protection with the combined power of Revysol® and F 500®, Melyra targets two different fungal processes for stronger and reliable disease control. Revysol® inhibits ergosterol biosynthesis, weakening fungal cell membrane formation and F 500 targets fungal respiration by blocking mitochondrial energy production. F 500 inhibits mitochondrial respiration, disrupting fungal ATP energy production, reduced energy disrupts fungal growth and suppresses spore germination. Melyra interrupts key stages of fungal infection and spread—helping stop disease progression before major crop damage occurs, with rapid absorption and inner-leaf reservoir action, Melyra delivers long-lasting protection even under challenging field conditions, Its advanced chemistry helps deliver reliable performance even under challenging disease conditions. Beyond disease control, the F 500 advantage supports longer-lasting crop vitality and greener canopy health, by helping the crop stay greener for longer, Melyra supports sustained photosynthetic activity during critical growth stages, more green days give the crop more time for development—supporting improved yield potential FRM Statement: When used within specific resistance management and label guidelines, Mefentrifluconazole, and Pyraclostrobin are highly effective compounds and a valuable tool in Fungicide Resistance Management (FRM). This product contains the active ingredients Mefentrifluconazole and Pyraclostrobin which belong to FRAC group 3 & 11, respectively. The first and only isopropanol azole, Revysol (FRAC Group 3) has a unique molecular structure that provides stronger binding, rain fast performance and excellent efficacy. Highly flexible, it fits various conformations and fights a broad spectrum of diseases. Also, Revysol, doesn’t just act fast it stays. Once absorbed it forms inner reservoirs within the leaf delivering sustained protection over time even under the rainy conditions these reservoirs slowly released into the plants want system protecting the leaf areas untouched during application. Melyra® redefines precision in the plant protection once sprayed on the leaf surface it goes deep into the leaf forming the tiny reservoirs inside. These reservoirs serve as a steady source slowly releasing small quantities of highly active Melyra® over time. The control release ensures consistent protection against fungus and provides remarkable resilience. The reservoirs protect Melyra® from being washed off during rains and from UV depredation ensuring uninterrupted efficacy even in challenging environmental conditions. Product application information:CottonTarget Disease/PestDosage/Application rateWater Volume phi (days)When & How to applyGrey Mildew160 ml/acre200 L/acre38Square formation to Flowering stageChiliTarget Disease/PestDosage/Application rateWater Volume phi (days)When & How to applyAnthracnose, Choanephora200ml/acre200 L/acre51st spray at Flowering stage & 2nd spray at fruit development stageTomatoTarget Disease/PestDosage/Application rateWater Volume phi (days)When & How to applyEarly blight & Septoria blight200ml/acre200 L/acre51st spray at Flowering stage & 2nd spray at fruit development stageGroundnutTarget Disease/PestDosage/Application rateWater Volume phi (days)When & How to applyRust, Tikka leaf spot160 ml/acre200 L/acre12Flowering to peg formation stageSoybeanTarget Disease/PestDosage/Application rateWater Volume phi (days)When & How to applyFrog eye leaf spot160 ml/acre200 L/acre24Flowering to pod formation stageCornTarget Disease/PestDosage/Application rateWater Volume phi (days)When & How to applyNorthern Leaf Blight, Southern Leaf Blight160 ml/acre200 L/acre48 Download Technical Specifications msdsmelyra.pdf DFU Inveris® Gold Inveris® Gold is an advanced crop protection solution for modern Indian vegetable farming. Powered by dual chemistries with dual modes of action, it delivers broad-spectrum control of sucking pests across key crops. Storm® Storm® 0.005% BB,is most effective and powerful Second Generation, Anticoagulant Rodenticides (SGAR). • It’s nearly five times more powerful than other most popular Second-Generation Anticoagulant Rodenticides. • High quality, highly a Frivon® Frivon® is seaweed extract product containing Ascophyllum nodosum 22% (Liquid) Frivon® represents an innovative advancement in bio-stimulant fertilizer technology. Imunit® Imunit® is combination of Teflubenzuron and Alphacypermethrin (Teflubenzuron 75 G/L + Alphacypermethrin 75 G/L SC). Efficon Efficon® insecticide powered by Axalion Active has a novel mode of action and is the sole representative of a unique insecticidal class of chemistry, the Pyridazine pyrazolecarboxamides (or Pyridazine amides) Group 36 that targets sensory organs in piercing and sucking pests, including superior whitefly control. Pirate® Pirate® is a new solution with the unique mode of action that interferes with respiration by uncoupling oxidative phosphorylation, that has been classified by IRAC as the exclusive member in Group 13. Exponus® Exponus® insecticide is a powerful, quick, and versatile insecticide for farmers who want the top performing pest control tool. It is a new mode of action targeted to control even the toughest chewing pests, certain thrips & leaf miner Xelora® Xelora is systemic fungicide with a unique FS (Flowable concentrate for seed treatment) formulation made for seed treatment. It ensures ""Ek Sahi Shuruat"" Stomp Xtra® Stomp Xtra ( Pendimethalin 38.7 % CS) is a selective pre-emergence herbicide for use in Soybean, Cotton, Chilli, Onion, Groundnut, Mustard, Cumin crops to control susceptible annual grasses and broadleaf weeds as they germinate. Stomp® Stomp is an herbicide used in pre-emergence applications to control annual grasses and certain broadleaf weeds in crops like Soybean, Cotton, Wheat Valor 32 Valor 32 is a herbicide for pre-emergence applications to control annual grasses and certain broadleaf weeds for managing the weed flora in Soybean. It is a mixture of two active ingredients: Imazethapyr and Pendimethalin. Pursuit® Pursuit® is a well-known herbicide which ensures effective control of grasses and broad leaved weeds in Soybean, Ground nut, Black gram, Green gram and Red gram. Recommended to be applied as early post emergence when weeds are at 1-2 leaf stage. Odyssey® Odyssey is an early post-emergence herbicide which gives good control against broad leaved weeds and grasses in Soybean, Groundnut, Cluster bean and Red gram with Broad spectrum action and Faster control of weeds Lihocin® Lihocin® is a Plant growth regulator used in crops Cotton, Potato, Brinjal & Grapes. Lihocin® channelizes the plant growth in the desired direction at a particular period of time which results in more yield & better quality produce. Zampro ® For Late blight and Downy mildew many options are available but are those enough to protect your crop with quality benefits. Are we missing an essential piece. Presenting BASF Zampro an essential piece in your crop success. Most advanced fungicide to control critical diseases. Polyram® Polyram is an ideal tank mix and spray program partner due to its versatile Mode of Action i.e. multisite action. Polyram has the very small particle size of WG formulation which: Systiva® Systiva® offers an effective control of all the major seed-borne and soil-borne diseases like Aspergillus in Groundnut and Black Scurf in Potato which ensures a disease free start. Basta® Since Basta® acts by contact action, it is safer to the crops as compared to other non-selective herbicides in directed spray. It exhibits better efficacy against certain hard-to-kill weed species which are not controlled by conventional products currently being used by growers. Priaxor® Priaxor® is powered by BASF’s new active ingredient Xemium®, which is the first of its kind technology that not only counters stress but also provides advanced disease control for commonly occurring diseases in Soybean, Groundnut, Cotton and Wheat. Sefina Sefina, powered by BASF's new active ingredient InscalisTM, is the first of its kind from a new chemical class - Pyropenes. ‹› | Product Link: https://crop-protection.basf.in/en/fungicide/melyra"
Fertilizers & Crop Protection (Fungicide),Merivon®,Merivon®,BASF India,India,BASF India Fungicide product: Merivon®. Formulated for high quality crop performance and protection.,Not specified on site,Broad spectrum disease control | Faster & longer duration control | Enjoy its AgCelence® benefit: Enhanced fruit quality,For crop specific dosage please contact our local representatives.,Fully registered & commercialised,₹650 per 250ml bottle,Distribution rights / Commercialised,"Active Ingredient/Technology: Get to know Merivon®, BASF’s latest fungicide which provides more consistent performance for maximum crop potential. Merivon® contains a unique combination of Xemium®, the latest fungicide innovation by BASF, and F-500, the #1 Plant Health Fungicide. Benefits Broad spectrum disease control Faster & longer duration control Enjoy its AgCelence® benefit: Enhanced fruit quality How it works?Xemium®, is fully adsorbed and evenly transported in the leaves ensuring exceptional distribution and continuous action, thereby controlling the diseases for longer duration. Remote video URL Effective control in diseases: Results in Alternaria control Results in Marssonina leaf fall control Results in Marssonina fruit blotch control Product application information:ApplesTarget Disease / PestDosage / Application RateWater VolumePHI (days)Alternaria, Marssonina Leaf Fall / Fruit BlotchFor crop specific dosage please contact our local representatives. 29GrapeTarget Disease / PestDosage / Application RateWater VolumePHI (days)Powdery Mildew80ml/acre400L/acre10MangoTarget Disease / PestDosage / Application RateWater VolumePHI (days)Powdery Mildew60-80ml/acre400L/acre38CucumberTarget Disease / PestDosage / Application RateWater VolumePHI (days)Powdery Mildew80-100ml/acre200L/acre10ChiliTarget Disease / PestDosage / Application RateWater VolumePHI (days)Powdery Mildew & Anthracnose80-100ml/acre200L/acre7TomatoTarget Disease / PestDosage / Application RateWater VolumePHI (days)Early blight & Septoria leaf spot80-100ml/acre200L/acre10OnionTarget Disease / PestDosage / Application RateWater VolumePHI (days)Purple Blotch100ml/acre200L/acre10 Label Direction For Use (DFU) Acrobat® Acrobat is a systemic fungicide containing Dimethomorph.It is used for treating downy mildew and Late blight caused by organisms such as Pythium and Phytophthora species. Lihocin® Lihocin® is a Plant growth regulator used in crops Cotton, Potato, Brinjal & Grapes. Lihocin® channelizes the plant growth in the desired direction at a particular period of time which results in more yield & better quality produce. Zampro ® For Late blight and Downy mildew many options are available but are those enough to protect your crop with quality benefits. Are we missing an essential piece. Presenting BASF Zampro an essential piece in your crop success. Most advanced fungicide to control critical diseases. Polyram® Polyram is an ideal tank mix and spray program partner due to its versatile Mode of Action i.e. multisite action. Polyram has the very small particle size of WG formulation which: Sercadis® Plus Give a powerful start to managing Powdery Mildew and broad spectrum control of other diseases with Sercadis® Plus, a brilliant combination of Xemium® and an acclaimed DMI chemistry. Acrobat® Complete Get to know Acrobat® Complete, BASF’s latest fungicide which is a unique, balanced blend of two most trusted potential actives, Dimethomorph and Metiram. Signum® Give “unmatched freshness” to your fruits with Signum®. Signum® with the combination of Boscalid (Worlds first SDHI chemistry) and F500, is the leading fungicide used in specialty crops for the control of a wide spectrum of diseases as well as for enhanced plant/fruit health. Acrisio® Acrisio® - The Powdery Mildew Specialist, is a novel chemistry with unique mode of action which provides comprehensive disease control. Cabrio® Top Cabrio® Top improves the quality and yield of your crop with its superior disease control. With its advanced plant health benefits, it gives longer duration protection with lesser sprays. ‹› | Product Link: https://crop-protection.basf.in/en/fungicide/merivon"
Fertilizers & Crop Protection (Fungicide),Mibelya®,Mibelya®,BASF India,India,"Inquire about Mibelya® A true companion for tough to control Echinochloa species weeds Stomp is an herbicide used in pre-emergence applications to control annual grasses and certain broadleaf weeds in crops like Soybean, Cotton, Wheat Polyram is an ideal tank mix and spray program partner due to its versatile Mode of Action i.e. multisite action. Polyram has the very small particle size of WG formulation which:",Not specified on site,"Provides smarter defense against sheath blight disease. | Offers long-lasting protection with superior disease control. | Helps strengthen and enhance the productivity of tillers | Mibelya® Delivers stronger & productive tillers defensing plant tillers smartly and providing longer disease control. | The first and only isopropanol azole, Revysol (FRAC Group 3) has a unique molecular structure that provides stronger binding, rain fast performance and excellent efficacy. Highly flexible, it fits various conformations and fights a broad spectrum of diseases. Also, Revysol, doesn’t just act fast it stays. Once absorbed it forms inner reservoirs within the leaf delivering sustained protection over time even under the rainy conditions these reservoirs slowly released into the plants want system protecting the leaf areas untouched during application. | With pyrazole-binding technology, Xemium (FRAC Group 7) is designed to be quickly absorbed and moved throughout the plant, fighting fungal disease with outstanding residual activity. This unique mobility supports undisturbed plant growth and higher yield. | Mibelya® redefines precision in the plant protection once sprayed on the leaf surface it goes deep into the leaf forming the tiny reservoirs inside. These reservoirs serve as a steady source slowly releasing small quantities of highly active Mibelya® over time. The control release ensures consistent protection against fungus and provides remarkable resilience. The reservoirs protect Mibelya® from being washed off during rains and from UV depredation ensuring uninterrupted efficacy even in challenging environmental conditions.",Product application information:RiceTarget Disease/PestDosage/Application rateWater Volume phi (days)When & How to applySheath Blight120 ml/acre150 – 200 L/acre15Maximum Tillering Stage,Fully registered & commercialised,₹650 per 250ml bottle,Distribution rights / Commercialised,"Active Ingredient/Technology: With its dual mode of action, it is designed to exceed farmers' expectations in disease management and transform agriculture in the country. Mibelya®, powered by Revysol active, features a unique combination of Isopropanol-Azole and SDHI. It combines Mefentrifluconazole 200 g/l and Fluxapyroxad 200 g/l, offering outstanding efficacy and excellent selectivity for superior control of Sheath Blight. Developed by fungicide experts for growers facing today's challenges, Mibelya® is a unique addition to the robust BASF fungicide portfolio. Provides smarter defense against sheath blight disease. Offers long-lasting protection with superior disease control. Helps strengthen and enhance the productivity of tillers Inquire about Mibelya® How it works?Mibelya® Delivers stronger & productive tillers defensing plant tillers smartly and providing longer disease control.The first and only isopropanol azole, Revysol (FRAC Group 3) has a unique molecular structure that provides stronger binding, rain fast performance and excellent efficacy. Highly flexible, it fits various conformations and fights a broad spectrum of diseases. Also, Revysol, doesn’t just act fast it stays. Once absorbed it forms inner reservoirs within the leaf delivering sustained protection over time even under the rainy conditions these reservoirs slowly released into the plants want system protecting the leaf areas untouched during application.With pyrazole-binding technology, Xemium (FRAC Group 7) is designed to be quickly absorbed and moved throughout the plant, fighting fungal disease with outstanding residual activity. This unique mobility supports undisturbed plant growth and higher yield.Mibelya® redefines precision in the plant protection once sprayed on the leaf surface it goes deep into the leaf forming the tiny reservoirs inside. These reservoirs serve as a steady source slowly releasing small quantities of highly active Mibelya® over time. The control release ensures consistent protection against fungus and provides remarkable resilience. The reservoirs protect Mibelya® from being washed off during rains and from UV depredation ensuring uninterrupted efficacy even in challenging environmental conditions. Product application information:RiceTarget Disease/PestDosage/Application rateWater Volume phi (days)When & How to applySheath Blight120 ml/acre150 – 200 L/acre15Maximum Tillering Stage Download Technical Specifications mibelya_msds.pdf mibelya_shipper_label-2025-ctc.pdf mibelya-dfu.pdf Storm® Storm® 0.005% BB,is most effective and powerful Second Generation, Anticoagulant Rodenticides (SGAR). • It’s nearly five times more powerful than other most popular Second-Generation Anticoagulant Rodenticides. • High quality, highly a Valexio® Valexio® is a cutting-edge insecticide for rice hoppers that provides outstanding efficacy and long-lasting residual control, fortifying the plant for a bountiful harvest. Facet® A true companion for tough to control Echinochloa species weeds Stomp® Stomp is an herbicide used in pre-emergence applications to control annual grasses and certain broadleaf weeds in crops like Soybean, Cotton, Wheat Polyram® Polyram is an ideal tank mix and spray program partner due to its versatile Mode of Action i.e. multisite action. Polyram has the very small particle size of WG formulation which: Basagran® Get rid of sedges and broad leaf weeds in your rice field with Basagran®, BASF's proven solution for tough weed problems. Seltima® Control rice blast and give your crop extra plant health benefits with this specially formulated fungicide from BASF. ‹› | Product Link: https://crop-protection.basf.in/en/fungicide/mibelya"
Fertilizers & Crop Protection (Fungicide),Polyram®,Polyram®,BASF India,India,BASF India Fungicide product: Polyram®. Formulated for high quality crop performance and protection.,Not specified on site,Provides more biological activity because they give better coverage of the plant surface | Suspends better and stay in suspension for longer | Adhere better to the plant surface and are better redistributed by light rain or dew | Protection: Broad spectrum disease control | Nutrition: Healthy Green Crop- Added Zn 14% | WG Formulation: Easy dispersion in water & No stains,Polyram is an ideal tank mix and spray program partner due to its versatile Mode of Action i.e. multisite action. Polyram has the very small particle size of WG formulation which:,Fully registered & commercialised,₹650 per 250ml bottle,Distribution rights / Commercialised,"Active Ingredient/Technology: e. multisite action. Polyram has the very small particle size of WG formulation which:Provides more biological activity because they give better coverage of the plant surfaceSuspends better and stay in suspension for longerAdhere better to the plant surface and are better redistributed by light rain or dew Benefits Protection: Broad spectrum disease control Nutrition: Healthy Green Crop- Added Zn 14% WG Formulation: Easy dispersion in water & No stains Product application information:TomatoTarget Disease/PestDosage/Application rateWater VolumePHIAlternaria blight (Alternaria solani)1000 g/ acre200-300 L/acre6GroundnutTarget Disease/PestDosage/Application rateWater VolumePHITikka (Cercospora Spp.)800 g/ acre200-300 L/acre16PotatoTarget Disease/PestDosage/Application rateWater VolumePHI Early bilght and Late blight800 g/ acre200-300 L/acre17GrapeTarget Disease/PestDosage/Application rateWater VolumePHIDowny Mildew800 g/ acre200-300 L/acre7RiceTarget Disease/PestDosage/Application rateWater VolumePHIBlast and Brown spot600-800 g/ acre200 L/acre51AppleTarget Disease/PestDosage/Application rateWater VolumePHIScab, Marssonina blotch, Alternaria blotch300 g /100 Ltr water 1000L/ acre21Black gramTarget Disease/PestDosage/Application rateWater VolumePHICercospora leaf spot500 -600 g /acre200L/acre34CottonTarget Disease/PestDosage/Application rateWater VolumePHIAlternaria leaf spot, Grey mildew500 -600 g /acre200 L/ acre27OnionTarget Disease/PestDosage/Application rateWater VolumePHIPurple blotch, Stemphylium500 -600 g /acre200 L/acre7SoybeanTarget Disease/PestDosage/Application rateWater VolumePHIMyrothecium leaf spot500 -600 g /acre200 L/acre35 Polyram is broad spectrum contact fungicide from EBDC group for wide range of crops. It provides Broad spectrum disease protection with safe Zinc (14%) supplement, which helps in better crop health. Downloads Label MSDS DFU Melyra® Melyra®, powered by Revysol active, features a unique combination of Isopropanol-Azole and Strobilurin. It combines Mefentrifluconazole 200 g/l + Pyraclostrobin 200 g/l SC is a broad-spectrum fungicide. Inveris® Gold Inveris® Gold is an advanced crop protection solution for modern Indian vegetable farming. Powered by dual chemistries with dual modes of action, it delivers broad-spectrum control of sucking pests across key crops. Storm® Storm® 0.005% BB,is most effective and powerful Second Generation, Anticoagulant Rodenticides (SGAR). • It’s nearly five times more powerful than other most popular Second-Generation Anticoagulant Rodenticides. • High quality, highly a Frivon® Frivon® is seaweed extract product containing Ascophyllum nodosum 22% (Liquid) Frivon® represents an innovative advancement in bio-stimulant fertilizer technology. Mibelya® Mibelya®, powered by Revysol active, is a modern solution that launched first time in India. With its dual mode of action, it is designed to exceed farmers' expectations in disease management and transform agriculture in the country. Valexio® Valexio® is a cutting-edge insecticide for rice hoppers that provides outstanding efficacy and long-lasting residual control, fortifying the plant for a bountiful harvest. Imunit® Imunit® is combination of Teflubenzuron and Alphacypermethrin (Teflubenzuron 75 G/L + Alphacypermethrin 75 G/L SC). Efficon Efficon® insecticide powered by Axalion Active has a novel mode of action and is the sole representative of a unique insecticidal class of chemistry, the Pyridazine pyrazolecarboxamides (or Pyridazine amides) Group 36 that targets sensory organs in piercing and sucking pests, including superior whitefly control. Facet® A true companion for tough to control Echinochloa species weeds Exponus® Exponus® insecticide is a powerful, quick, and versatile insecticide for farmers who want the top performing pest control tool. It is a new mode of action targeted to control even the toughest chewing pests, certain thrips & leaf miner Xelora® Xelora is systemic fungicide with a unique FS (Flowable concentrate for seed treatment) formulation made for seed treatment. It ensures ""Ek Sahi Shuruat"" Stomp Xtra® Stomp Xtra ( Pendimethalin 38.7 % CS) is a selective pre-emergence herbicide for use in Soybean, Cotton, Chilli, Onion, Groundnut, Mustard, Cumin crops to control susceptible annual grasses and broadleaf weeds as they germinate. Stomp® Stomp is an herbicide used in pre-emergence applications to control annual grasses and certain broadleaf weeds in crops like Soybean, Cotton, Wheat Pursuit® Pursuit® is a well-known herbicide which ensures effective control of grasses and broad leaved weeds in Soybean, Ground nut, Black gram, Green gram and Red gram. Recommended to be applied as early post emergence when weeds are at 1-2 leaf stage. Odyssey® Odyssey is an early post-emergence herbicide which gives good control against broad leaved weeds and grasses in Soybean, Groundnut, Cluster bean and Red gram with Broad spectrum action and Faster control of weeds Acrobat® Acrobat is a systemic fungicide containing Dimethomorph.It is used for treating downy mildew and Late blight caused by organisms such as Pythium and Phytophthora species. Lihocin® Lihocin® is a Plant growth regulator used in crops Cotton, Potato, Brinjal & Grapes. Lihocin® channelizes the plant growth in the desired direction at a particular period of time which results in more yield & better quality produce. Zampro ® For Late blight and Downy mildew many options are available but are those enough to protect your crop with quality benefits. Are we missing an essential piece. Presenting BASF Zampro an essential piece in your crop success. Most advanced fungicide to control critical diseases. Systiva® Systiva® offers an effective control of all the major seed-borne and soil-borne diseases like Aspergillus in Groundnut and Black Scurf in Potato which ensures a disease free start. Sercadis® Plus Give a powerful start to managing Powdery Mildew and broad spectrum control of other diseases with Sercadis® Plus, a brilliant combination of Xemium® and an acclaimed DMI chemistry. Acrobat® Complete Get to know Acrobat® Complete, BASF’s latest fungicide which is a unique, balanced blend of two most trusted potential actives, Dimethomorph and Metiram. Basagran® Get rid of sedges and broad leaf weeds in your rice field with Basagran®, BASF's proven solution for tough weed problems. Seltima® Control rice blast and give your crop extra plant health benefits with this specially formulated fungicide from BASF. Signum® Give “unmatched freshness” to your fruits with Signum®. Signum® with the combination of Boscalid (Worlds first SDHI chemistry) and F500, is the leading fungicide used in specialty crops for the control of a wide spectrum of diseases as well as for enhanced plant/fruit health. Acrisio® Acrisio® - The Powdery Mildew Specialist, is a novel chemistry with unique mode of action which provides comprehensive disease control. Priaxor® Priaxor® is powered by BASF’s new active ingredient Xemium®, which is the first of its kind technology that not only counters stress but also provides advanced disease control for commonly occurring diseases in Soybean, Groundnut, Cotton and Wheat. Cabrio® Top Cabrio® Top improves the quality and yield of your crop with its superior disease control. With its advanced plant health benefits, it gives longer duration protection with lesser sprays. Merivon® Merivon® contains a unique combination of Xemium®, the latest fungicide innovation by BASF, and F-500, the #1 Plant Health Fungicide. ‹› | Product Link: https://crop-protection.basf.in/en/fungicide/polyram"
Fertilizers & Crop Protection (Fungicide),Priaxor®,Priaxor®,BASF India,India,BASF India Fungicide product: Priaxor®. Formulated for high quality crop performance and protection.,Not specified on site,"Priaxor® distributes faster in the plant & relieves the stress & diseases. | Priaxor® forms depots on the leaf and continuously supplies Xemium®, resulting in long lasting efficacy. | Leads to higher crop yields & quality.",1st spray: Within 7-10 days after the first white flower blooms2nd spray: Repeat the spray in 10-15 days interval,Fully registered & commercialised,₹980 per 120ml bottle,Distribution rights / Commercialised,"Active Ingredient/Technology: Priaxor® is powered by BASF’s new active ingredient Xemium®, which is the first of its kind technology that not only counters stress but also provides advanced disease control for commonly occurring diseases in Soybean, Groundnut and Cotton. Priaxor® has exceptional distribution in plants, ensuring faster and long-lasting efficacy.It is registered to use in Soybean, Groundnut, Cotton and Wheat in India. BenefitsPriaxor® distributes faster in the plant & relieves the stress & diseases.Priaxor® forms depots on the leaf and continuously supplies Xemium®, resulting in long lasting efficacy.Leads to higher crop yields & quality. CottonTarget DiseaseDosageWhen and How to applyAlternaria Leaf Blight120ml/acre1st spray: Within 7-10 days after the first white flower blooms2nd spray: Repeat the spray in 10-15 days intervalGroundnutTarget DiseaseDosageWhen and How to applyTikka disease (Cercospora spp)120ml/acreActive Peg to Pod formation (50-60 DAS) SoybeanTarget DiseaseDosageWhen and How to applyFrog eye leaf spot (Cercospora)120ml/acreSpray during pod initiationWheatTarget DiseaseDosageWhen and How to applyRust120ml/acreFlag Leaf to Booting stage Priaxor®- Powered by Xemium®{""preview_thumbnail"":""/sites/basf.in/files/styles/video_embed_wysiwyg_preview/public/video_thumbnails/Py9tiC5hp7U.jpg?itok=WOusDhIJ"",""video_url"":""https://youtu.be/Py9tiC5hp7U"",""settings"":{""responsive"":true,""width"":""854"",""height"":""480"",""autoplay"":false},""settings_summary"":[""Embedded Video (Responsive).""]} Melyra® Melyra®, powered by Revysol active, features a unique combination of Isopropanol-Azole and Strobilurin. It combines Mefentrifluconazole 200 g/l + Pyraclostrobin 200 g/l SC is a broad-spectrum fungicide. Inveris® Gold Inveris® Gold is an advanced crop protection solution for modern Indian vegetable farming. Powered by dual chemistries with dual modes of action, it delivers broad-spectrum control of sucking pests across key crops. Storm® Storm® 0.005% BB,is most effective and powerful Second Generation, Anticoagulant Rodenticides (SGAR). • It’s nearly five times more powerful than other most popular Second-Generation Anticoagulant Rodenticides. • High quality, highly a Frivon® Frivon® is seaweed extract product containing Ascophyllum nodosum 22% (Liquid) Frivon® represents an innovative advancement in bio-stimulant fertilizer technology. Imunit® Imunit® is combination of Teflubenzuron and Alphacypermethrin (Teflubenzuron 75 G/L + Alphacypermethrin 75 G/L SC). Efficon Efficon® insecticide powered by Axalion Active has a novel mode of action and is the sole representative of a unique insecticidal class of chemistry, the Pyridazine pyrazolecarboxamides (or Pyridazine amides) Group 36 that targets sensory organs in piercing and sucking pests, including superior whitefly control. Pirate® Pirate® is a new solution with the unique mode of action that interferes with respiration by uncoupling oxidative phosphorylation, that has been classified by IRAC as the exclusive member in Group 13. Exponus® Exponus® insecticide is a powerful, quick, and versatile insecticide for farmers who want the top performing pest control tool. It is a new mode of action targeted to control even the toughest chewing pests, certain thrips & leaf miner Xelora® Xelora is systemic fungicide with a unique FS (Flowable concentrate for seed treatment) formulation made for seed treatment. It ensures ""Ek Sahi Shuruat"" Stomp Xtra® Stomp Xtra ( Pendimethalin 38.7 % CS) is a selective pre-emergence herbicide for use in Soybean, Cotton, Chilli, Onion, Groundnut, Mustard, Cumin crops to control susceptible annual grasses and broadleaf weeds as they germinate. Stomp® Stomp is an herbicide used in pre-emergence applications to control annual grasses and certain broadleaf weeds in crops like Soybean, Cotton, Wheat Valor 32 Valor 32 is a herbicide for pre-emergence applications to control annual grasses and certain broadleaf weeds for managing the weed flora in Soybean. It is a mixture of two active ingredients: Imazethapyr and Pendimethalin. Pursuit® Pursuit® is a well-known herbicide which ensures effective control of grasses and broad leaved weeds in Soybean, Ground nut, Black gram, Green gram and Red gram. Recommended to be applied as early post emergence when weeds are at 1-2 leaf stage. Odyssey® Odyssey is an early post-emergence herbicide which gives good control against broad leaved weeds and grasses in Soybean, Groundnut, Cluster bean and Red gram with Broad spectrum action and Faster control of weeds Lihocin® Lihocin® is a Plant growth regulator used in crops Cotton, Potato, Brinjal & Grapes. Lihocin® channelizes the plant growth in the desired direction at a particular period of time which results in more yield & better quality produce. Polyram® Polyram is an ideal tank mix and spray program partner due to its versatile Mode of Action i.e. multisite action. Polyram has the very small particle size of WG formulation which: Systiva® Systiva® offers an effective control of all the major seed-borne and soil-borne diseases like Aspergillus in Groundnut and Black Scurf in Potato which ensures a disease free start. Zidua® Phalaris is the toughest weed and it has changed over the past several years by developing resistance to herbicides with different modes of action. Basta® Since Basta® acts by contact action, it is safer to the crops as compared to other non-selective herbicides in directed spray. It exhibits better efficacy against certain hard-to-kill weed species which are not controlled by conventional products currently being used by growers. Sefina Sefina, powered by BASF's new active ingredient InscalisTM, is the first of its kind from a new chemical class - Pyropenes. ‹› | Product Link: https://crop-protection.basf.in/en/priaxor"
Fertilizers & Crop Protection (Fungicide),Seltima®,Seltima®,BASF India,India,BASF India Fungicide product: Seltima®. Formulated for high quality crop performance and protection.,Not specified on site,Uniform panicle emergence | More & heavier rice grains | Comprehensive control of blast diseases,Product application information:RiceTarget Disease / PestDosage / Application RateWhen and how to applyRice Blast400 ml/acre1st1st spray at booting stage & 2nd spray at flowering stage.,Fully registered & commercialised,₹650 per 250ml bottle,Distribution rights / Commercialised,"Active Ingredient/Technology: BenefitsUniform panicle emergenceMore & heavier rice grainsComprehensive control of blast diseasesGet More Info & Learn Where to Buy Seltima® was specifically developed to offer rice farmers a highly effective solution to protect their plants from fungal diseases, while preserving the aquatic environment. Its special encapsulation technology ensures a precise release of the active ingredient directly on the rice leaf surface, where it acts.Seltima® delivers outstanding efficacy against leaf and neck blast and is also part of BASF’s AgCelence® range of products delivering higher yield and quality beyond disease control. Product application information:RiceTarget Disease / PestDosage / Application RateWhen and how to applyRice Blast400 ml/acre1st1st spray at booting stage & 2nd spray at flowering stage. Label DFU 1 DFU 2 Leaflet Storm® Storm® 0.005% BB,is most effective and powerful Second Generation, Anticoagulant Rodenticides (SGAR). • It’s nearly five times more powerful than other most popular Second-Generation Anticoagulant Rodenticides. • High quality, highly a Mibelya® Mibelya®, powered by Revysol active, is a modern solution that launched first time in India. With its dual mode of action, it is designed to exceed farmers' expectations in disease management and transform agriculture in the country. Valexio® Valexio® is a cutting-edge insecticide for rice hoppers that provides outstanding efficacy and long-lasting residual control, fortifying the plant for a bountiful harvest. Facet® A true companion for tough to control Echinochloa species weeds Stomp® Stomp is an herbicide used in pre-emergence applications to control annual grasses and certain broadleaf weeds in crops like Soybean, Cotton, Wheat Polyram® Polyram is an ideal tank mix and spray program partner due to its versatile Mode of Action i.e. multisite action. Polyram has the very small particle size of WG formulation which: Basagran® Get rid of sedges and broad leaf weeds in your rice field with Basagran®, BASF's proven solution for tough weed problems. ‹› | Product Link: https://crop-protection.basf.in/en/fungicide/seltima"
Fertilizers & Crop Protection (Fungicide),Sercadis® Plus,Sercadis® Plus,BASF India,India,BASF India Fungicide product: Sercadis® Plus. Formulated for high quality crop performance and protection.,Not specified on site,"Sercadis® Plus | Outstanding protection against broad spectrum of diseases such as Powdery Mildew in Grapes, Scab and Powdery Mildew in Apple | Excellent new leaf protection | Favourable PHI and Robust MRLs which offers an easy and safe use",Polyram® Polyram is an ideal tank mix and spray program partner due to its versatile Mode of Action i.e. multisite action. Polyram has the very small particle size of WG formulation which:,Fully registered & commercialised,₹850 per 100ml bottle,Distribution rights / Commercialised,"Active Ingredient/Technology: Sercadis® Plus contains Xemium®, an innovative active ingredient belonging to the carboxamide class (SDHI) and Difenconazole a well-established and known safe Triazole (DMI). It provides broad spectrum disease control with focus on scab & powdery mildew. BenefitsOutstanding protection against broad spectrum of diseases such as Powdery Mildew in Grapes, Scab and Powdery Mildew in AppleExcellent new leaf protectionFavourable PHI and Robust MRLs which offers an easy and safe use How it works?Sercadis® Plus builds on the complementary strengths of Xemium and Difenoconazole giving rise to a broad-spectrum product with a reduced resistance risk. Remote video URL Product application information:GrapeTarget Disease / PestDosage / Application RateWhen and how to apply Powdery Mildew 320 ml/acre 2-4mm Berry stageAppleTarget Disease / PestDosage / Application RateWhen and how to apply Apple Scab & Powdery Mildew For 40 ml per 100 litre of water Petal fall stageChiliTarget Disease / PestDosage / Application RateWhen and how to applyAnthracnosse & Powdery mildew 320 -400 ml/acre 200 L/ acreTomatoTarget Disease / PestDosage / Application RateWhen and how to apply Powdery Mildew 320 - 400 ml/acre 200 L/ acreCucumberTarget Disease / PestDosage / Application RateWhen and how to applyEarly blight & Septoria leaf spot 320 -400 ml/acre 200 L/ acre Downloads Label DFU MSDS Acrobat® Acrobat is a systemic fungicide containing Dimethomorph.It is used for treating downy mildew and Late blight caused by organisms such as Pythium and Phytophthora species. Lihocin® Lihocin® is a Plant growth regulator used in crops Cotton, Potato, Brinjal & Grapes. Lihocin® channelizes the plant growth in the desired direction at a particular period of time which results in more yield & better quality produce. Zampro ® For Late blight and Downy mildew many options are available but are those enough to protect your crop with quality benefits. Are we missing an essential piece. Presenting BASF Zampro an essential piece in your crop success. Most advanced fungicide to control critical diseases. Polyram® Polyram is an ideal tank mix and spray program partner due to its versatile Mode of Action i.e. multisite action. Polyram has the very small particle size of WG formulation which: Acrobat® Complete Get to know Acrobat® Complete, BASF’s latest fungicide which is a unique, balanced blend of two most trusted potential actives, Dimethomorph and Metiram. Signum® Give “unmatched freshness” to your fruits with Signum®. Signum® with the combination of Boscalid (Worlds first SDHI chemistry) and F500, is the leading fungicide used in specialty crops for the control of a wide spectrum of diseases as well as for enhanced plant/fruit health. Acrisio® Acrisio® - The Powdery Mildew Specialist, is a novel chemistry with unique mode of action which provides comprehensive disease control. Cabrio® Top Cabrio® Top improves the quality and yield of your crop with its superior disease control. With its advanced plant health benefits, it gives longer duration protection with lesser sprays. Merivon® Merivon® contains a unique combination of Xemium®, the latest fungicide innovation by BASF, and F-500, the #1 Plant Health Fungicide. ‹› | Product Link: https://crop-protection.basf.in/en/fungicide/sercadis-plus"
Fertilizers & Crop Protection (Fungicide),Signum®,Signum®,BASF India,India,BASF India Fungicide product: Signum®. Formulated for high quality crop performance and protection.,Not specified on site,Better fruit finish | Broad spectrum of disease control | Higher yield and better quality,Polyram® Polyram is an ideal tank mix and spray program partner due to its versatile Mode of Action i.e. multisite action. Polyram has the very small particle size of WG formulation which:,Fully registered & commercialised,₹650 per 250ml bottle,Distribution rights / Commercialised,"Active Ingredient/Technology: Signum® with the combination of Boscalid (Worlds first SDHI chemistry) and F500, is the leading fungicide used in specialty crops for the control of a wide spectrum of diseases as well as for enhanced plant/fruit health. It is registered to use in Apple, Grapes, Tomato, Chili and Onion in India. Benefits Better fruit finish Broad spectrum of disease control Higher yield and better quality How it works? Signum® features a combination of the active ingredients, Pyraclostrobin and boscalid to provide disease control in a variety of crops, giving better fruit firmness & uniform fruit development. Signum® deprives fungal cells of their energy source and eliminates the availability of chemical building blocks for synthesis of essential cellular components. It also interferes with cell respiration and the production of energy. Product application information: Apples Target Disease / Pest Dosage / Application Rate When and how to apply PHI Days Powdery Mildew 300 gm/acre Fruit development & Fruit maturity stage 30 to 40 days before harvest 41 Grapes Target Disease / Pest Dosage / Application Rate When and how to apply PHI Days Downy Mildew, Powdery Mildew 200 to 240g/acre 40 to 45 days after October pruning 34 Chilli Target Disease / Pest Dosage / Application Rate When and how to apply PHI Days Powdery Mildew 240 gm/acre Fruit development & Fruit maturity stage 10 Onion Target Disease / Pest Dosage / Application Rate When and how to apply PHI Days Purple Blotch, Stemphylum Blight 200 gm/acre 35 to 70 days after transplanting 24 Tomato Target Disease / Pest Dosage / Application Rate When and how to apply PHI Days Early Blight 200 gm/acre 50 to 70 days after planting 10 Downloads Label DFU 1 DFU 2 MSDS Apple Promotional Leaflet Grape Promotional Leaflet Vegetable Promotional Leaflet Acrobat® Acrobat is a systemic fungicide containing Dimethomorph.It is used for treating downy mildew and Late blight caused by organisms such as Pythium and Phytophthora species. Lihocin® Lihocin® is a Plant growth regulator used in crops Cotton, Potato, Brinjal & Grapes. Lihocin® channelizes the plant growth in the desired direction at a particular period of time which results in more yield & better quality produce. Zampro ® For Late blight and Downy mildew many options are available but are those enough to protect your crop with quality benefits. Are we missing an essential piece. Presenting BASF Zampro an essential piece in your crop success. Most advanced fungicide to control critical diseases. Polyram® Polyram is an ideal tank mix and spray program partner due to its versatile Mode of Action i.e. multisite action. Polyram has the very small particle size of WG formulation which: Sercadis® Plus Give a powerful start to managing Powdery Mildew and broad spectrum control of other diseases with Sercadis® Plus, a brilliant combination of Xemium® and an acclaimed DMI chemistry. Acrobat® Complete Get to know Acrobat® Complete, BASF’s latest fungicide which is a unique, balanced blend of two most trusted potential actives, Dimethomorph and Metiram. Acrisio® Acrisio® - The Powdery Mildew Specialist, is a novel chemistry with unique mode of action which provides comprehensive disease control. Cabrio® Top Cabrio® Top improves the quality and yield of your crop with its superior disease control. With its advanced plant health benefits, it gives longer duration protection with lesser sprays. Merivon® Merivon® contains a unique combination of Xemium®, the latest fungicide innovation by BASF, and F-500, the #1 Plant Health Fungicide. ‹› | Product Link: https://crop-protection.basf.in/en/fungicide/signum"
Fertilizers & Crop Protection (Fungicide),Systiva®,Systiva®,BASF India,India,BASF India Fungicide product: Systiva®. Formulated for high quality crop performance and protection.,Not specified on site,"Disease free beginning of crop: 1) Protect seeds from soil, seedling diseases & tough weather conditions. 2) Controls aspergillus by giving a great start to the groundnut crop. | Uniform germination: Xemium systemicity ensures quick penetration in seeds ensuring uniform germination. | More plants per acre: 1) Maximizes the seedling vigor. 2) Profuse rooting enhances stress tolerance.",Product application informationGroundnutTarget Disease/PestDosageWater VolumePHI Aspergillus Black Rot 1 ml/kg seeds 5ml Water/Kg Seeds PotatoTarget Disease/PestDosageWater VolumePHI Black scurf (Rhizoctonia saloni) 6 ml/ 100 kg Seeds 1 Liter water / 100k g seeds,Fully registered & commercialised,₹650 per 250ml bottle,Distribution rights / Commercialised,"Active Ingredient/Technology: Systiva® offers an effective control of all the major seed-borne and soil-borne diseases like Aspergillus in Groundnut and Black Scurf in Potato which ensures a disease free start. It provides long-lasting protection thereby ensuring uniform germination & more plant population in Groundnut. BenefitsDisease free beginning of crop: 1) Protect seeds from soil, seedling diseases & tough weather conditions. 2) Controls aspergillus by giving a great start to the groundnut crop.Uniform germination: Xemium systemicity ensures quick penetration in seeds ensuring uniform germination.More plants per acre: 1) Maximizes the seedling vigor. 2) Profuse rooting enhances stress tolerance. How it works:Xemium has a unique mode of action that provides broad spectrum, consistent control of a wide variety of soil and seed-borne diseases. This unique chemistry allows it to move in the seed and redistribute as the seedling grows, for long-lasting protection. Product application informationGroundnutTarget Disease/PestDosageWater VolumePHI Aspergillus Black Rot 1 ml/kg seeds 5ml Water/Kg Seeds PotatoTarget Disease/PestDosageWater VolumePHI Black scurf (Rhizoctonia saloni) 6 ml/ 100 kg Seeds 1 Liter water / 100k g seeds Downloads Label MSDS DFU Melyra® Melyra®, powered by Revysol active, features a unique combination of Isopropanol-Azole and Strobilurin. It combines Mefentrifluconazole 200 g/l + Pyraclostrobin 200 g/l SC is a broad-spectrum fungicide. Xelora® Xelora is systemic fungicide with a unique FS (Flowable concentrate for seed treatment) formulation made for seed treatment. It ensures ""Ek Sahi Shuruat"" Stomp Xtra® Stomp Xtra ( Pendimethalin 38.7 % CS) is a selective pre-emergence herbicide for use in Soybean, Cotton, Chilli, Onion, Groundnut, Mustard, Cumin crops to control susceptible annual grasses and broadleaf weeds as they germinate. Pursuit® Pursuit® is a well-known herbicide which ensures effective control of grasses and broad leaved weeds in Soybean, Ground nut, Black gram, Green gram and Red gram. Recommended to be applied as early post emergence when weeds are at 1-2 leaf stage. Odyssey® Odyssey is an early post-emergence herbicide which gives good control against broad leaved weeds and grasses in Soybean, Groundnut, Cluster bean and Red gram with Broad spectrum action and Faster control of weeds Polyram® Polyram is an ideal tank mix and spray program partner due to its versatile Mode of Action i.e. multisite action. Polyram has the very small particle size of WG formulation which: Priaxor® Priaxor® is powered by BASF’s new active ingredient Xemium®, which is the first of its kind technology that not only counters stress but also provides advanced disease control for commonly occurring diseases in Soybean, Groundnut, Cotton and Wheat. ‹› | Product Link: https://crop-protection.basf.in/en/fungicide/systiva"
Fertilizers & Crop Protection (Fungicide),Xelora®,Xelora®,BASF India,India,BASF India Fungicide product: Xelora®. Formulated for high quality crop performance and protection.,Not specified on site,"Provides high performance Fungicide protection for targeted crops | Improves crop yield, nutritional quality, and stress resilience | Formulated according to highest agricultural quality standards | Promotes healthy root and canopy establishment",Polyram® Polyram is an ideal tank mix and spray program partner due to its versatile Mode of Action i.e. multisite action. Polyram has the very small particle size of WG formulation which:,Fully registered & commercialised,₹650 per 250ml bottle,Distribution rights / Commercialised,"Active Ingredient/Technology: Xelora is systemic fungicide with a unique FS (Flowable concentrate for seed treatment) formulation made for seed treatment. It ensures ""Ek Sahi Shuruat"" Benefits 1) Broad spectrum action 2) Controls early seedling diseases 3) It provides AgCelence® benefits to the plant. How it works? Xelora has two active ingredients, Pyraclostrobin & Thiofanate-methyl, which protect and gives best start to the plant at the early stages. Mode of Action Xelora has dual mode of action pyraclostrobin offers broad-spectrum of control, it acts as inhibitor of electrons transit in mitochondria of fungus cells, inhibiting ATP formation essential in their metabolic processes. Thiofanate-methyl is a systemic benzimidazol fungicides which acts attacking mitotic fusion of fungal cell. Product application information:SoybeanTarget Disease / PestDosage / Application RateWater VolumePHISeedling rot (Sclerotium spp) 2-2.5ml/kg seedssufficient to coat seed uniformly NAOkraTarget Disease / PestDosage / Application RateWater VolumePHISeedling disease (Rhizoctonia Spp) 3 ml/kg seedssufficient to coat seed uniformly NA GroundnutTarget Disease / PestDosage / Application RateWater VolumePHIStem rot (Sclerotium spp) 2-2.5ml/kg seedssufficient to coat seed uniformly NA PotatoTarget Disease / PestDosage / Application RateWater VolumePHIBlack Scurf (Rhizoctonia spp) 20ml/100kg seeds sufficient to coat seed uniformly NA ChickpeaTarget Disease / PestDosage / Application RateWater VolumePHIRoot rot & Wilt disease 4 ml / 10 kg seed sufficient to coat seed uniformly NA Melyra® Melyra®, powered by Revysol active, features a unique combination of Isopropanol-Azole and Strobilurin. It combines Mefentrifluconazole 200 g/l + Pyraclostrobin 200 g/l SC is a broad-spectrum fungicide. Storm® Storm® 0.005% BB,is most effective and powerful Second Generation, Anticoagulant Rodenticides (SGAR). • It’s nearly five times more powerful than other most popular Second-Generation Anticoagulant Rodenticides. • High quality, highly a Frivon® Frivon® is seaweed extract product containing Ascophyllum nodosum 22% (Liquid) Frivon® represents an innovative advancement in bio-stimulant fertilizer technology. Imunit® Imunit® is combination of Teflubenzuron and Alphacypermethrin (Teflubenzuron 75 G/L + Alphacypermethrin 75 G/L SC). Exponus® Exponus® insecticide is a powerful, quick, and versatile insecticide for farmers who want the top performing pest control tool. It is a new mode of action targeted to control even the toughest chewing pests, certain thrips & leaf miner Stomp Xtra® Stomp Xtra ( Pendimethalin 38.7 % CS) is a selective pre-emergence herbicide for use in Soybean, Cotton, Chilli, Onion, Groundnut, Mustard, Cumin crops to control susceptible annual grasses and broadleaf weeds as they germinate. Stomp® Stomp is an herbicide used in pre-emergence applications to control annual grasses and certain broadleaf weeds in crops like Soybean, Cotton, Wheat Valor 32 Valor 32 is a herbicide for pre-emergence applications to control annual grasses and certain broadleaf weeds for managing the weed flora in Soybean. It is a mixture of two active ingredients: Imazethapyr and Pendimethalin. Pursuit® Pursuit® is a well-known herbicide which ensures effective control of grasses and broad leaved weeds in Soybean, Ground nut, Black gram, Green gram and Red gram. Recommended to be applied as early post emergence when weeds are at 1-2 leaf stage. Odyssey® Odyssey is an early post-emergence herbicide which gives good control against broad leaved weeds and grasses in Soybean, Groundnut, Cluster bean and Red gram with Broad spectrum action and Faster control of weeds Acrobat® Acrobat is a systemic fungicide containing Dimethomorph.It is used for treating downy mildew and Late blight caused by organisms such as Pythium and Phytophthora species. Lihocin® Lihocin® is a Plant growth regulator used in crops Cotton, Potato, Brinjal & Grapes. Lihocin® channelizes the plant growth in the desired direction at a particular period of time which results in more yield & better quality produce. Zampro ® For Late blight and Downy mildew many options are available but are those enough to protect your crop with quality benefits. Are we missing an essential piece. Presenting BASF Zampro an essential piece in your crop success. Most advanced fungicide to control critical diseases. Polyram® Polyram is an ideal tank mix and spray program partner due to its versatile Mode of Action i.e. multisite action. Polyram has the very small particle size of WG formulation which: Systiva® Systiva® offers an effective control of all the major seed-borne and soil-borne diseases like Aspergillus in Groundnut and Black Scurf in Potato which ensures a disease free start. Acrobat® Complete Get to know Acrobat® Complete, BASF’s latest fungicide which is a unique, balanced blend of two most trusted potential actives, Dimethomorph and Metiram. Priaxor® Priaxor® is powered by BASF’s new active ingredient Xemium®, which is the first of its kind technology that not only counters stress but also provides advanced disease control for commonly occurring diseases in Soybean, Groundnut, Cotton and Wheat. Cabrio® Top Cabrio® Top improves the quality and yield of your crop with its superior disease control. With its advanced plant health benefits, it gives longer duration protection with lesser sprays. ‹› | Product Link: https://crop-protection.basf.in/en/fungicide/xelorar"
Fertilizers & Crop Protection (Fungicide),Zampro ®,Zampro ®,BASF India,India,BASF India Fungicide product: Zampro ®. Formulated for high quality crop performance and protection.,Not specified on site,Most advanced fungicide to control Downy mildew and Late blight diseases | Very High Intrinsic efficay against Infectious stages of oomycetes | High Adsorption | High Re distribution | Novel tool in Resistance Management | User friendly SC formulation with dispersion | Excellent rainfast ness of 2hr | Zampro has an Excellent Toxilogical & environmental profile,Polyram® Polyram is an ideal tank mix and spray program partner due to its versatile Mode of Action i.e. multisite action. Polyram has the very small particle size of WG formulation which:,Fully registered & commercialised,₹650 per 250ml bottle,Distribution rights / Commercialised,"Active Ingredient/Technology: Are we missing an essential piece. Presenting BASF Zampro an essential piece in your crop success. Most advanced fungicide to control critical diseases. Benefits Of Zampro ® Most advanced fungicide to control Downy mildew and Late blight diseases Very High Intrinsic efficay against Infectious stages of oomycetes High Adsorption High Re distribution Novel tool in Resistance Management User friendly SC formulation with dispersion Excellent rainfast ness of 2hr Zampro has an Excellent Toxilogical & environmental profile How it works?Zampro Inhibits Zoo-spore formation & Release zoo-sporangia, release, motility & germinationZampro dual mode of actionStops energy flow of fungusCell wall lysis Product application information:GrapeTarget Disease/PestDosage/Application rateWater VolumeWhen to applyPHIDowney Mildew400 gm/ acre200 L/AcreProphylactic Application34TomatoTarget Disease/PestDosage/Application rateWater VolumeWhen to applyPHILate Blight 400 gm/ acre200 L/AcreProphylactic Application 3CucurbitsTarget Disease/PestDosage/Application rateWater VolumeWhen to applyPHIDowney Mildew400 gm/ acre200 L/AcreProphylactic Application 3PotatoTarget Disease/PestDosage/Application rateWater VolumeWhen to applyPHILate Blight 400 gm/ acre200 L/AcreProphylactic Application32 Downloads msds Melyra® Melyra®, powered by Revysol active, features a unique combination of Isopropanol-Azole and Strobilurin. It combines Mefentrifluconazole 200 g/l + Pyraclostrobin 200 g/l SC is a broad-spectrum fungicide. Inveris® Gold Inveris® Gold is an advanced crop protection solution for modern Indian vegetable farming. Powered by dual chemistries with dual modes of action, it delivers broad-spectrum control of sucking pests across key crops. Frivon® Frivon® is seaweed extract product containing Ascophyllum nodosum 22% (Liquid) Frivon® represents an innovative advancement in bio-stimulant fertilizer technology. Imunit® Imunit® is combination of Teflubenzuron and Alphacypermethrin (Teflubenzuron 75 G/L + Alphacypermethrin 75 G/L SC). Efficon Efficon® insecticide powered by Axalion Active has a novel mode of action and is the sole representative of a unique insecticidal class of chemistry, the Pyridazine pyrazolecarboxamides (or Pyridazine amides) Group 36 that targets sensory organs in piercing and sucking pests, including superior whitefly control. Exponus® Exponus® insecticide is a powerful, quick, and versatile insecticide for farmers who want the top performing pest control tool. It is a new mode of action targeted to control even the toughest chewing pests, certain thrips & leaf miner Xelora® Xelora is systemic fungicide with a unique FS (Flowable concentrate for seed treatment) formulation made for seed treatment. It ensures ""Ek Sahi Shuruat"" Acrobat® Acrobat is a systemic fungicide containing Dimethomorph.It is used for treating downy mildew and Late blight caused by organisms such as Pythium and Phytophthora species. Lihocin® Lihocin® is a Plant growth regulator used in crops Cotton, Potato, Brinjal & Grapes. Lihocin® channelizes the plant growth in the desired direction at a particular period of time which results in more yield & better quality produce. Polyram® Polyram is an ideal tank mix and spray program partner due to its versatile Mode of Action i.e. multisite action. Polyram has the very small particle size of WG formulation which: Sercadis® Plus Give a powerful start to managing Powdery Mildew and broad spectrum control of other diseases with Sercadis® Plus, a brilliant combination of Xemium® and an acclaimed DMI chemistry. Acrobat® Complete Get to know Acrobat® Complete, BASF’s latest fungicide which is a unique, balanced blend of two most trusted potential actives, Dimethomorph and Metiram. Signum® Give “unmatched freshness” to your fruits with Signum®. Signum® with the combination of Boscalid (Worlds first SDHI chemistry) and F500, is the leading fungicide used in specialty crops for the control of a wide spectrum of diseases as well as for enhanced plant/fruit health. Acrisio® Acrisio® - The Powdery Mildew Specialist, is a novel chemistry with unique mode of action which provides comprehensive disease control. Cabrio® Top Cabrio® Top improves the quality and yield of your crop with its superior disease control. With its advanced plant health benefits, it gives longer duration protection with lesser sprays. Merivon® Merivon® contains a unique combination of Xemium®, the latest fungicide innovation by BASF, and F-500, the #1 Plant Health Fungicide. ‹› | Product Link: https://crop-protection.basf.in/en/fungicide/zampro"
Fertilizers & Crop Protection (Herbicide),Basagran®,Basagran®,BASF India,India,BASF India Herbicide product: Basagran®. Formulated for high quality crop performance and protection.,Not specified on site,Effective control on Sedges and broadleaf weeds | Excellent crop safety: Good fit in direct seeded and transplanted rice | Ideal tank mix partner for other herbicides | Apply Basagran® solo or along with tank mix | At 2-3 leaf for broad leaf weeds and 2-3 inch of narrow leaf weed stage | Irrigate the rice plot (after 24 to 48 hrs.) | Apply Basagran® solo or along with tank mix | At 2-3 leaf for broad leaf weeds and 2-3 inch of narrow leaf weed stage,Polyram® Polyram is an ideal tank mix and spray program partner due to its versatile Mode of Action i.e. multisite action. Polyram has the very small particle size of WG formulation which:,Fully registered & commercialised,₹520 per 500ml bottle,Distribution rights / Commercialised,"Active Ingredient/Technology: Basagran® is a herbicide providing effective & reliable solutions for superior control of tough weeds. Benefits Effective control on Sedges and broadleaf weeds Excellent crop safety: Good fit in direct seeded and transplanted rice Ideal tank mix partner for other herbicides How it works? Basagran® is a PS II herbicide which is based on irreversible blockage of the photosynthetic electron transport thereby inhibiting photosynthesis & suppressing CO2 assimilation which stops the production of energy needed for plant growth. After a short period of growth stagnation, the weed dies. Effective control in diseases: Results in Sedges & Broad Lead Weed control Product application information:RiceTarget Disease / Pest/WeedsDosage / Application RateWater VolumeWhen and how to applySedges & Broad Leaf Weeds800 ml/acre200L /acre Take out water from the field as it is a contact herbicideEnsure proper coverage, since it is a contact herbicideApply Basagran® solo or along with tank mix At 2-3 leaf for broad leaf weeds and 2-3 inch of narrow leaf weed stageIrrigate the rice plot (after 24 to 48 hrs.)SoybeanTarget Disease / Pest/WeedsDosage / Application RateWater VolumeWhen and how to applyAcalypha indicaCommelina benghalensisCyperus rotundus800 ml/acre200L /acre Take out water from the field as it is a contact herbicideEnsure proper coverage, since it is a contact herbicideApply Basagran® solo or along with tank mix At 2-3 leaf for broad leaf weeds and 2-3 inch of narrow leaf weed stageIrrigate the soybean plot (after 24 to 48 hrs.) Downloads DFU 1 DFU 2 Label Leaflet MSDS Storm® Storm® 0.005% BB,is most effective and powerful Second Generation, Anticoagulant Rodenticides (SGAR). • It’s nearly five times more powerful than other most popular Second-Generation Anticoagulant Rodenticides. • High quality, highly a Mibelya® Mibelya®, powered by Revysol active, is a modern solution that launched first time in India. With its dual mode of action, it is designed to exceed farmers' expectations in disease management and transform agriculture in the country. Valexio® Valexio® is a cutting-edge insecticide for rice hoppers that provides outstanding efficacy and long-lasting residual control, fortifying the plant for a bountiful harvest. Facet® A true companion for tough to control Echinochloa species weeds Stomp® Stomp is an herbicide used in pre-emergence applications to control annual grasses and certain broadleaf weeds in crops like Soybean, Cotton, Wheat Polyram® Polyram is an ideal tank mix and spray program partner due to its versatile Mode of Action i.e. multisite action. Polyram has the very small particle size of WG formulation which: Seltima® Control rice blast and give your crop extra plant health benefits with this specially formulated fungicide from BASF. ‹› | Product Link: https://crop-protection.basf.in/en/herbicide/basagran"
Fertilizers & Crop Protection (Herbicide),Basta®,Basta®,BASF India,India,BASF India Herbicide product: Basta®. Formulated for high quality crop performance and protection.,Not specified on site,"Broad-spectrum: Controls broad leaf and grassy weeds | Superior efficacy :Controls 'hard-to-kill' weeds like Borreria & Eleusine in tea gardens and other plantation crops | Safe to environment: No residues in soil, water and plant | At active vegetative growth stage/flowering stage of weeds | Use a spray shield to prevent drift on the tea plants","Since Basta® acts by contact action, it is safer to the crops as compared to other non-selective herbicides in directed spray. It exhibits better efficacy against certain hard-to-kill weed species which are not controlled by conventional products currently being used by growers.",Fully registered & commercialised,₹520 per 500ml bottle,Distribution rights / Commercialised,"Active Ingredient/Technology: The product is very versatile and effective under different climatic conditions. Since Basta® acts by contact action, it is safer to the crops as compared to other non-selective herbicides in directed spray. It exhibits better efficacy against certain hard-to-kill weed species which are not controlled by conventional products currently being used by growers. Benefits Broad-spectrum: Controls broad leaf and grassy weeds Safety: Being a contact herbicide, Basta is relatively safer to crop when sprayed with hood as compared to the non-selective systemic herbicides Superior efficacy :Controls 'hard-to-kill' weeds like Borreria & Eleusine in tea gardens and other plantation crops Safe to environment: No residues in soil, water and plant How it works? Glutamine synthetase is the enzyme which catalyses the reaction of NH3 and glutamic acid to form glutamine. Ammonia results from nitrate reduction, amino acid metabolism and photorespiration. Glufosinate-ammonium inhibits the activity of Glutamine synthetase. This leads to the accumulation of NH3 in the cell. As NH3 is strongly phytotoxic, the affected cells die. This is macroscopically manifested in necrotic spots and finally withering of plant. Wilting of exposed weeds may start within 24 hours in the tropics or only after 8 days in cool continental spring or autumn temperatures. Product application information: TeaTarget WeedDosage/Application rateWhen & How to applyPHI DaysBorreria hispidaImperata cylindricaDigitaria sangunalisCommelina benghalensisAgeratum conyzoidesEleusine indicaPaspalum conjugatum Panicum repens 2.5 L - 3.3 L/haAt active vegetative growth stage/flowering stage of weedsUse a spray shield to prevent drift on the tea plants15CottonTarget WeedDosage/Application rateWhen & How to applyPHI DaysEchinochloa spp.Dactyloctenium sp.Cynodon dactylon.Digitaria marginata Dactyloctenium aegyptium 2.5 L - 3 L/haAt active vegetative growth stage of weeds96 Downloads Brochure MSDS Direction for use (DFU) Label Melyra® Melyra®, powered by Revysol active, features a unique combination of Isopropanol-Azole and Strobilurin. It combines Mefentrifluconazole 200 g/l + Pyraclostrobin 200 g/l SC is a broad-spectrum fungicide. Inveris® Gold Inveris® Gold is an advanced crop protection solution for modern Indian vegetable farming. Powered by dual chemistries with dual modes of action, it delivers broad-spectrum control of sucking pests across key crops. Frivon® Frivon® is seaweed extract product containing Ascophyllum nodosum 22% (Liquid) Frivon® represents an innovative advancement in bio-stimulant fertilizer technology. Efficon Efficon® insecticide powered by Axalion Active has a novel mode of action and is the sole representative of a unique insecticidal class of chemistry, the Pyridazine pyrazolecarboxamides (or Pyridazine amides) Group 36 that targets sensory organs in piercing and sucking pests, including superior whitefly control. Pirate® Pirate® is a new solution with the unique mode of action that interferes with respiration by uncoupling oxidative phosphorylation, that has been classified by IRAC as the exclusive member in Group 13. Duvelon® Duvelon® is the new standard in resistant & broad leaf weed control. It is an innovative active ingredient & a new partner for effective weed management programme in Tea. It is a powerful tool to manage variety of broadleaf weeds very effectively. Stomp Xtra® Stomp Xtra ( Pendimethalin 38.7 % CS) is a selective pre-emergence herbicide for use in Soybean, Cotton, Chilli, Onion, Groundnut, Mustard, Cumin crops to control susceptible annual grasses and broadleaf weeds as they germinate. Stomp® Stomp is an herbicide used in pre-emergence applications to control annual grasses and certain broadleaf weeds in crops like Soybean, Cotton, Wheat Lihocin® Lihocin® is a Plant growth regulator used in crops Cotton, Potato, Brinjal & Grapes. Lihocin® channelizes the plant growth in the desired direction at a particular period of time which results in more yield & better quality produce. Priaxor® Priaxor® is powered by BASF’s new active ingredient Xemium®, which is the first of its kind technology that not only counters stress but also provides advanced disease control for commonly occurring diseases in Soybean, Groundnut, Cotton and Wheat. Sefina Sefina, powered by BASF's new active ingredient InscalisTM, is the first of its kind from a new chemical class - Pyropenes. ‹› | Product Link: https://crop-protection.basf.in/en/herbicide/basta"
Fertilizers & Crop Protection (Herbicide),Duvelon®,Duvelon®,BASF India,India,Duvelon® is the new standard in resistant & broad leaf weed control. It is an innovative active ingredient & a new partner for effective weed management programme in Tea. It is a powerful tool to manage variety of broadleaf weeds very effectively. It also brings synergy with other herbicides as tank mix & can be used as a post emergent herbicide in directed application in tea.,Not specified on site,"Provides high performance Herbicide protection for targeted crops | Improves crop yield, nutritional quality, and stress resilience | Formulated according to highest agricultural quality standards | Promotes healthy root and canopy establishment",Pack available – 100 g Crop / segment – Tea & Non-Crop segment Dose rate – 40g/acre,Fully registered & commercialised,₹520 per 500ml bottle,Distribution rights / Commercialised,"Active Ingredient/Technology: It is an innovative active ingredient & a new partner for effective weed management programme in Tea. It is a powerful tool to manage variety of broadleaf weeds very effectively. It also brings synergy with other herbicides as tank mix & can be used as a post emergent herbicide in directed application in tea. Mode of Action Duvelon® belongs to class pyrimidinedione, It is a PPO inhibitor, inhibits the activity of protoporphyrinogen IX oxidase (PPO) & prevents chlorophyll formation. After the application, it quickly absorbed through weed’s root, shoot and leaves. It inhibits a key step in chlorophyll biosynthesis which results in rapid loss of cell membrane integrity leading to cellular leakage, tissue necrosis and ultimately death of the broadleaf weeds. Benefits 1. Effective on resistant weeds 2. Faster & longer control 3. Broad spectrum weed control 4. Excellent compatibility Weed spectrum Amaranthus viridis, Portulaca oleracea, Commelina benghalensis, Ageratum conyzoides, Digera arvensis ,Euphorbia hirta, Parthenium hysterophorus, Bidens spp. Borreria spp. Conyza spp. Crassocephalum crepidiodes, Dichrocephala integrefolia, Galinsoga parviflora, Mimosa pudica, Chromolaena odorata, Lantana camera. Pack available – 100 g Crop / segment – Tea & Non-Crop segment Dose rate – 40g/acre Basta® Since Basta® acts by contact action, it is safer to the crops as compared to other non-selective herbicides in directed spray. It exhibits better efficacy against certain hard-to-kill weed species which are not controlled by conventional products currently being used by growers. | Product Link: https://crop-protection.basf.in/en/herbicide/duvelon"
Fertilizers & Crop Protection (Herbicide),Facet®,Facet®,BASF India,India,BASF India Herbicide product: Facet®. Formulated for high quality crop performance and protection.,Not specified on site,"Specialist - Excellent control on Echinochloa species, Effective solution for resistant Echinochloa spp. | Trustworthy - Safe for Crop in DSR & Transplanted Rice, Flexible Application Window | Gelling - Highly compatible with other herbicides, Ensures that the active ingredients in each herbicide work together | Effective control against the biggest problem of Echinochloa spp | Reliable, Safe & Convenient solution for leftover Echinochloa at 5-6 leaf stage of weeds | Perfect tank mix partner for broad spectrum weed control | Unique mode of action - A new mode of action for Echinochloa control under synthethic auxin classification | No cross resistance - Effective on Echinochloa weeds which have developed resistance against ALS & ACCase chemistries","Product Application Information Rice Target weeds Dose ml/acre Water volume L/acre When & How to apply PHI (days) Echinochloa Spp, Panicum repens 400ml/acre 150-200 At 15-25 DAT, Facet with Partner herbicides( Broad leaf/ Sedges) or 2-4 leaf stage of Echinochloa weeds; Rescue Treatment for Left Over Echinochloa at 30-40 DAT or 4-6 leaf stage of Echinochloa weeds 78",Fully registered & commercialised,₹520 per 500ml bottle,Distribution rights / Commercialised,"Active Ingredient/Technology: Trustworthy - Safe for Crop in DSR & Transplanted Rice, Flexible Application Window Gelling - Highly compatible with other herbicides, Ensures that the active ingredients in each herbicide work together Why a grower should use BASF Facet®? Effective control against the biggest problem of Echinochloa spp Reliable, Safe & Convenient solution for leftover Echinochloa at 5-6 leaf stage of weeds Perfect tank mix partner for broad spectrum weed control How it works? Unique mode of action - A new mode of action for Echinochloa control under synthethic auxin classification No cross resistance - Effective on Echinochloa weeds which have developed resistance against ALS & ACCase chemistries Mode of Action Foliar & Systemic Product Application Information Rice Target weeds Dose ml/acre Water volume L/acre When & How to apply PHI (days) Echinochloa Spp, Panicum repens 400ml/acre 150-200 At 15-25 DAT, Facet with Partner herbicides( Broad leaf/ Sedges) or 2-4 leaf stage of Echinochloa weeds; Rescue Treatment for Left Over Echinochloa at 30-40 DAT or 4-6 leaf stage of Echinochloa weeds 78 Storm® Storm® 0.005% BB,is most effective and powerful Second Generation, Anticoagulant Rodenticides (SGAR). • It’s nearly five times more powerful than other most popular Second-Generation Anticoagulant Rodenticides. • High quality, highly a Mibelya® Mibelya®, powered by Revysol active, is a modern solution that launched first time in India. With its dual mode of action, it is designed to exceed farmers' expectations in disease management and transform agriculture in the country. Valexio® Valexio® is a cutting-edge insecticide for rice hoppers that provides outstanding efficacy and long-lasting residual control, fortifying the plant for a bountiful harvest. Stomp® Stomp is an herbicide used in pre-emergence applications to control annual grasses and certain broadleaf weeds in crops like Soybean, Cotton, Wheat Polyram® Polyram is an ideal tank mix and spray program partner due to its versatile Mode of Action i.e. multisite action. Polyram has the very small particle size of WG formulation which: Basagran® Get rid of sedges and broad leaf weeds in your rice field with Basagran®, BASF's proven solution for tough weed problems. Seltima® Control rice blast and give your crop extra plant health benefits with this specially formulated fungicide from BASF. ‹› | Product Link: https://crop-protection.basf.in/en/herbicide/facetr"
Fertilizers & Crop Protection (Herbicide),Kifix®,Kifix®,BASF India,India,Imazapic and Imazapyr- HT Rice Imazapic and Imazapyr – HT Mustard,Not specified on site,"Clearfield® Mustard delivers excellent value to growers by managing the noxious weed Orobanche which otherwise can’t be managed by conventional herbicides | Clearfield® Rice will enable farmers to manage broad spectrum weeds in DSR system including volunteer/weedy rice, which is a growing menace in DSR system and volunteer/weedy rice being selective to conventional herbicides again can only be managed through HT system like Clearfield. | Only solution to weeds which can’t be managed through conventional system | Provides broad-spectrum control including grass, broadleaf and sedges. | Effective at low use rates 80 g/acre | Flexible window of application (15 to 25 DAS) | Kifix® is a Acetolactate synthase (ALS) inhibiting herbicide, which ensures effective weed control by inhibiting Acetolactate synthase, a key enzyme in the pathway of biosynthesis of the essential amino acids- isoleucine, leucine, and valine. | Kifix® ensures effective weed control by quick absorption through both roots and foliage and translocate through both xylem and phloem to the site of action at the growing points.",Refer to product label for specific spray dosage & timing.,Fully registered & commercialised,₹520 per 500ml bottle,Distribution rights / Commercialised,Product Link: https://crop-protection.basf.in/en/herbicide/kifixr
Fertilizers & Crop Protection (Herbicide),Odyssey®,Odyssey®,BASF India,India,BASF India Herbicide product: Odyssey®. Formulated for high quality crop performance and protection.,Not specified on site,Broad spectrum action | Faster control of weeds,Preparation of spray solution: Mix the recommended quantity of Imazethapyr 35% + Imazamox 35% WG (Odyssey) thoroughly with MSO adjuvant (Outright) at 2 ml/liter of water while adequately stirring with a rod or a stick.Add required quantity of water.,Fully registered & commercialised,₹520 per 500ml bottle,Distribution rights / Commercialised,"Active Ingredient/Technology: Odyssey® inhibits Acetolactate synthase, a key enzyme in the pathway of biosynthesis of the branched-chain essential amino acids and thereby inhibits protein synthesis. Product Application Information:SoybeanTarget DiseaseDosage/Application rateWater VolumePHIWhen to ApplyEchinochloa colonumDinebra ArabicaDigitaria sanguinalisBrachiaria muticaCommelina benghalensis Euphorbia hirta100 g a.i./ha + MSO adjuvant @ 2 ml/ L of water375-500 L/Ha56Preparation of spray solution: Mix the recommended quantity of Imazethapyr 35% + Imazamox 35% WG (Odyssey) thoroughly with MSO adjuvant (Outright) at 2 ml/liter of water while adequately stirring with a rod or a stick.Add required quantity of water.GroundnutTarget DiseaseDosage/Application rateWater VolumePHIWhen to ApplyEchinochloa colonumDigera arvensis Commelina benhalensis Euphorbia hirta Amaranthus viridus Physalis minima Brachiaria spp, Trianthema portulacastrum 100 g a.i./ha + MSO adjuvant @ 2 ml/ L of water375-500 L/Ha83 To be applied when weeds are at 2-3 leaf stageRedgramTarget DiseaseDosage/Application rateWater VolumePHIWhen to ApplyEuphorbia sppAmaranthus viridis100 g a.i./ha + MSO adjuvant @ 2 ml/ L of water375-500 L/Ha125 Cluster BeanTarget DiseaseDosage/Application rateWater VolumePHIWhen to ApplyEchinochloa colonumEuphorbia sppDigera arvensisAmaranthus viridis 100 + 2 ml MSO/L water500 L/Ha64 Spray the herbicide solution with Knapsack sprayer fitted with a flat fan nozzle Apply the recommended quantity of herbicide along with the MSO adjuvant (Outright) using recommended quantity of water to ensure thorough coverage of weed foliage Label Brochure Melyra® Melyra®, powered by Revysol active, features a unique combination of Isopropanol-Azole and Strobilurin. It combines Mefentrifluconazole 200 g/l + Pyraclostrobin 200 g/l SC is a broad-spectrum fungicide. Storm® Storm® 0.005% BB,is most effective and powerful Second Generation, Anticoagulant Rodenticides (SGAR). • It’s nearly five times more powerful than other most popular Second-Generation Anticoagulant Rodenticides. • High quality, highly a Frivon® Frivon® is seaweed extract product containing Ascophyllum nodosum 22% (Liquid) Frivon® represents an innovative advancement in bio-stimulant fertilizer technology. Imunit® Imunit® is combination of Teflubenzuron and Alphacypermethrin (Teflubenzuron 75 G/L + Alphacypermethrin 75 G/L SC). Exponus® Exponus® insecticide is a powerful, quick, and versatile insecticide for farmers who want the top performing pest control tool. It is a new mode of action targeted to control even the toughest chewing pests, certain thrips & leaf miner Xelora® Xelora is systemic fungicide with a unique FS (Flowable concentrate for seed treatment) formulation made for seed treatment. It ensures ""Ek Sahi Shuruat"" Stomp Xtra® Stomp Xtra ( Pendimethalin 38.7 % CS) is a selective pre-emergence herbicide for use in Soybean, Cotton, Chilli, Onion, Groundnut, Mustard, Cumin crops to control susceptible annual grasses and broadleaf weeds as they germinate. Stomp® Stomp is an herbicide used in pre-emergence applications to control annual grasses and certain broadleaf weeds in crops like Soybean, Cotton, Wheat Valor 32 Valor 32 is a herbicide for pre-emergence applications to control annual grasses and certain broadleaf weeds for managing the weed flora in Soybean. It is a mixture of two active ingredients: Imazethapyr and Pendimethalin. Pursuit® Pursuit® is a well-known herbicide which ensures effective control of grasses and broad leaved weeds in Soybean, Ground nut, Black gram, Green gram and Red gram. Recommended to be applied as early post emergence when weeds are at 1-2 leaf stage. Polyram® Polyram is an ideal tank mix and spray program partner due to its versatile Mode of Action i.e. multisite action. Polyram has the very small particle size of WG formulation which: Systiva® Systiva® offers an effective control of all the major seed-borne and soil-borne diseases like Aspergillus in Groundnut and Black Scurf in Potato which ensures a disease free start. Priaxor® Priaxor® is powered by BASF’s new active ingredient Xemium®, which is the first of its kind technology that not only counters stress but also provides advanced disease control for commonly occurring diseases in Soybean, Groundnut, Cotton and Wheat. ‹› | Product Link: https://crop-protection.basf.in/en/herbicide/odyssey"
Fertilizers & Crop Protection (Herbicide),Pursuit®,Pursuit®,BASF India,India,BASF India Herbicide product: Pursuit®. Formulated for high quality crop performance and protection.,Not specified on site,Broad spectrum control | Increase in yield by 15-20% | Ease of application (applied after the crop has emerged),Preparation of spray solution: Mix the recommended quantity of Pursuit 10 % SL thoroughly with MSO adjuvant (Outright) at 2 ml/liter of water while adequately stirring with a rod or a stick.,Fully registered & commercialised,₹420 per 250ml bottle,Distribution rights / Commercialised,"Active Ingredient/Technology: Recommended to be applied as early post emergence when weeds are at 1-2 leaf stage. Benefits of Pursuit® Broad spectrum control Increase in yield by 15-20% Ease of application (applied after the crop has emerged) How it Works: Pursuit® is a well-known Acetolactate synthase (ALS) inhibiting herbicide, which ensures effective weed control by inhibiting Acetolactate synthase, a key enzyme in the pathway of biosynthesis of the branched-chain amino acids- isoleucine, leucine, and valine. Pursuit® ensures effective weed control by quick absorption through both roots and foliage and translocation through both xylem and phloem to the site of action at the growing points. Product application Information- SoybeanTarget Pest/ DiseaseDosage/Application rateWater VolumeWhen to ApplyPHIEchinochloa colonum,Brachiaria mutica,Euphorbia hirta, Commelina benghalensis, Dinebra arabica, Digitaria Sp.750-1000 ml a.i./ha + MSO adjuvant @ 2 ml/L of water375 L/HaPreparation of spray solution: Mix the recommended quantity of Pursuit 10 % SL thoroughly with MSO adjuvant (Outright) at 2 ml/liter of water while adequately stirring with a rod or a stick. Time of application: Pursuit 10% SL to be applied along with MSO adjuvant (Outright) using recommended quantity of water as early post emergence. Early post application at 7-14 days of sowing is recommended when weeds are at 1-2 leaf stage.Method of application: Spray the herbicide solution with Knapsack sprayer fitted with a flat fan nozzle. Apply the recommended quantity of herbicide along with MSO adjuvant (Outright) using recommended quantity of water to ensure thorough coverage of weed foliage. 72GroundnutTarget Pest/ DiseaseDosage/Application rateWater VolumeWhen to ApplyPHIEchinochloa colonumEuphorbia hirta Commelina benghalensis Digera arvensis Amaranthus viridis Physalis minima 1000-1500 ml a.i./ha + MSO adjuvant @ 2 ml/ L of water375 L/HaPreparation of spray solution: Mix the recommended quantity of Pursuit 10 % SL thoroughly with MSO adjuvant (Outright) at 2 ml/liter of water while adequately stirring with a rod or a stick. Time of application: Pursuit 10% SL to be applied along with MSO adjuvant (Outright) using recommended quantity of water as early post emergence. Early post application at 7-14 days of sowing is recommended when weeds are in 1-2 leaf stage.Method of application: Spray the herbicide solution with Knapsack sprayer fitted with a flat fan nozzle. Apply the recommended quantity of herbicide along with MSO adjuvant (Outright) using recommended quantity of water to ensure thorough coverage of weed foliage. 102Black GramTarget Pest/ DiseaseDosage/Application rateWater VolumeWhen to ApplyPHIBracharia eruciformis, Amaranthus viridis, Euphorbia hirta, Commelina benghalensis750 ml a.i./ha + MSO adjuvant @ 2 ml/L of water375 L/HaPreparation of spray solution: Mix the recommended quantity of Pursuit 10 % SL thoroughly with MSO adjuvant (Outright) at 2 ml/liter of water while adequately stirring with a rod or a stick. Time of application: Pursuit 10% SL to be applied along with MSO adjuvant (Outright) using recommended quantity of water as early post emergence. Early post application at 7-14 days of sowing is recommended when weeds are in 1-2 leaf stage.Method of application: Spray the herbicide solution with Knapsack sprayer fitted with a flat fan nozzle. Apply the recommended quantity of herbicide along with MSO adjuvant (Outright) using recommended quantity of water to ensure thorough coverage of weed foliage. 56Green GramTarget Pest/ DiseaseDosage/Application rateWater VolumeWhen to ApplyPHIAmaranthus viridisTrianthema portulacastrumEuphorbia hirta750 ml a.i./ha + MSO adjuvant @ 2 ml/ L of water375 L/HaPreparation of spray solution: Mix the recommended quantity of Pursuit 10 % SL thoroughly with MSO adjuvant (Outright) at 2 ml/liter of water while adequately stirring with a rod or a stick. Time of application: Pursuit 10% SL to be applied along with MSO adjuvant (Outright) using recommended quantity of water as early post emergence. Early post application at 7-14 days of sowing is recommended when weeds are in 1-2 leaf stage.Method of application: Spray the herbicide solution with Knapsack sprayer fitted with a flat fan nozzle. Apply the recommended quantity of herbicide along with MSO adjuvant (Outright) using recommended quantity of water to ensure thorough coverage of weed foliage. 46Red GramTarget Pest/ DiseaseDosage/Application rateWater VolumeWhen to ApplyPHIDigitaria sanguinalisDinebra retroflexa750 ml a.i./ha + MSO adjuvant @ 2 ml/ L of water500 L/HaPreparation of spray solution: Mix the recommended quantity of Pursuit 10 % SL thoroughly with MSO adjuvant (Outright) at 2 ml/liter of water while adequately stirring with a rod or a stick. Time of application: Pursuit 10% SL to be applied along with MSO adjuvant (Outright) using recommended quantity of water as early post emergence. Early post application at 7-14 days of sowing is recommended when weeds are in 1-2 leaf stage.Method of application: Spray the herbicide solution with Knapsack sprayer fitted with a flat fan nozzle. Apply the recommended quantity of herbicide along with MSO adjuvant (Outright) using recommended quantity of water to ensure thorough coverage of weed foliage. 125 Melyra® Melyra®, powered by Revysol active, features a unique combination of Isopropanol-Azole and Strobilurin. It combines Mefentrifluconazole 200 g/l + Pyraclostrobin 200 g/l SC is a broad-spectrum fungicide. Storm® Storm® 0.005% BB,is most effective and powerful Second Generation, Anticoagulant Rodenticides (SGAR). • It’s nearly five times more powerful than other most popular Second-Generation Anticoagulant Rodenticides. • High quality, highly a Frivon® Frivon® is seaweed extract product containing Ascophyllum nodosum 22% (Liquid) Frivon® represents an innovative advancement in bio-stimulant fertilizer technology. Imunit® Imunit® is combination of Teflubenzuron and Alphacypermethrin (Teflubenzuron 75 G/L + Alphacypermethrin 75 G/L SC). Exponus® Exponus® insecticide is a powerful, quick, and versatile insecticide for farmers who want the top performing pest control tool. It is a new mode of action targeted to control even the toughest chewing pests, certain thrips & leaf miner Xelora® Xelora is systemic fungicide with a unique FS (Flowable concentrate for seed treatment) formulation made for seed treatment. It ensures ""Ek Sahi Shuruat"" Stomp Xtra® Stomp Xtra ( Pendimethalin 38.7 % CS) is a selective pre-emergence herbicide for use in Soybean, Cotton, Chilli, Onion, Groundnut, Mustard, Cumin crops to control susceptible annual grasses and broadleaf weeds as they germinate. Stomp® Stomp is an herbicide used in pre-emergence applications to control annual grasses and certain broadleaf weeds in crops like Soybean, Cotton, Wheat Valor 32 Valor 32 is a herbicide for pre-emergence applications to control annual grasses and certain broadleaf weeds for managing the weed flora in Soybean. It is a mixture of two active ingredients: Imazethapyr and Pendimethalin. Odyssey® Odyssey is an early post-emergence herbicide which gives good control against broad leaved weeds and grasses in Soybean, Groundnut, Cluster bean and Red gram with Broad spectrum action and Faster control of weeds Polyram® Polyram is an ideal tank mix and spray program partner due to its versatile Mode of Action i.e. multisite action. Polyram has the very small particle size of WG formulation which: Systiva® Systiva® offers an effective control of all the major seed-borne and soil-borne diseases like Aspergillus in Groundnut and Black Scurf in Potato which ensures a disease free start. Priaxor® Priaxor® is powered by BASF’s new active ingredient Xemium®, which is the first of its kind technology that not only counters stress but also provides advanced disease control for commonly occurring diseases in Soybean, Groundnut, Cotton and Wheat. ‹› | Product Link: https://crop-protection.basf.in/en/herbicide/pursuitr"
Fertilizers & Crop Protection (Herbicide),Stomp Xtra®,Stomp Xtra®,BASF India,India,BASF India Herbicide product: Stomp Xtra®. Formulated for high quality crop performance and protection.,Not specified on site,Stomp Xtra® | Extra flexible: Can be Applied before sowing and also after sowing/transplanting. | Extra strong control: Better control of weeds as compared to the other pre- emergence herbicides | Extra-long control: Controls weeds for 40 days which is the critical period of weed control. | Extra economical,Polyram® Polyram is an ideal tank mix and spray program partner due to its versatile Mode of Action i.e. multisite action. Polyram has the very small particle size of WG formulation which:,Fully registered & commercialised,₹520 per 500ml bottle,Distribution rights / Commercialised,"Active Ingredient/Technology: 7 % CS) is a selective pre-emergence herbicide for use in Soybean, Cotton, Chilli, Onion, Groundnut, Mustard, Cumin crops to control susceptible annual grasses and broadleaf weeds as they germinate. Benefits of Stomp Xtra® Extra flexible: Can be Applied before sowing and also after sowing/transplanting. Extra strong control: Better control of weeds as compared to the other pre- emergence herbicides Extra-long control: Controls weeds for 40 days which is the critical period of weed control. Extra economical How it works It inhibits cell division and cell elongation of susceptible annual grasses and broadleaf weeds as they germinate. Product Application information-SoybeanTarget Pest/ DiseaseDosage/Application rateWater VolumeWhen to ApplyPHIEchinochloa colonum,Dinebra arabica,Digitaria sanguinalis,Brachiaria mutica,Dactyloctenium aegyptium,Portulaca oleracea,Amaranthus viridis,Euphorbia gemealata,Cleome viscosa1500-1750 ml/Ha500 L/HaIncorporate in top 2-5 cm of soil with suitable farm equipment as pre-plant incorporation 40CottonTarget Pest/ DiseaseDosage/Application rateWater VolumeWhen to ApplyPHI Dinebra arabica, Digitaria sanguinalis ,Echinochloa spp. Euphorbea geneculata, Portulaca oleracea, Commelina spp.Digera arvensis, Amaranthus viridis, Eragratis minor, Lantana camara1500-1750 ml/Ha500 L/HaFor weed control in cotton before sowing or within 3 days after sowing 101ChiliTarget Pest/ DiseaseDosage/Application rateWater VolumeWhen to ApplyPHIEchinochloa colonum, Dinebra arabica, Brachiaria mutica, Amaranthus spp, Portulaca oleracea, Commelina spp, Parthenium hysterophorus, Digera arvensi, Physelis minima1500-1750 ml/Ha500 L/HaIn chilli just before transplanting or within 2 days of transplanting 98OnionTarget Pest/ DiseaseDosage/Application rateWater VolumeWhen to ApplyPHIDactyloctinum aegyptium, Dinebra arabica, Digitaria sanguinalis , Echinochloa spp. Euphorbea geneculata, Portulaca oleracea, Commelina sps.Digera arvensis , Amaranthus viridis , Trianthema portulacastrum1500-1750 ml/Ha500 L/HaIn Onion just before transplanting or within 2 days of transplanting 104GroundnutTarget Pest/ DiseaseDosage/Application rateWater VolumeWhen to ApplyPHIEchinochloa colonum, Digitaria marginata, Commelina benghalensis, Portulaca oleracea1500-1750 ml/Ha375 L/HaApply within 3 days after sowing as pre- emergence application 103MustardTarget Pest/ DiseaseDosage/Application rateWater VolumeWhen to ApplyPHIChenopodium album, Digeria arvensis, Amaranthus spp.875 ml/Ha375- 400 L/HaApply within 3 days after sowing as pre- emergence application 111CuminTarget Pest/ DiseaseDosage/Application rateWater VolumeWhen to ApplyPHIPortulaca oleracea, Digitaria spp, Digeria arvensis1500-1750 ml/Ha375- 500 L/HaApply within 3 days after sowing as pre- emergence application 91 Downloads Label DFU Melyra® Melyra®, powered by Revysol active, features a unique combination of Isopropanol-Azole and Strobilurin. It combines Mefentrifluconazole 200 g/l + Pyraclostrobin 200 g/l SC is a broad-spectrum fungicide. Inveris® Gold Inveris® Gold is an advanced crop protection solution for modern Indian vegetable farming. Powered by dual chemistries with dual modes of action, it delivers broad-spectrum control of sucking pests across key crops. Storm® Storm® 0.005% BB,is most effective and powerful Second Generation, Anticoagulant Rodenticides (SGAR). • It’s nearly five times more powerful than other most popular Second-Generation Anticoagulant Rodenticides. • High quality, highly a Frivon® Frivon® is seaweed extract product containing Ascophyllum nodosum 22% (Liquid) Frivon® represents an innovative advancement in bio-stimulant fertilizer technology. Imunit® Imunit® is combination of Teflubenzuron and Alphacypermethrin (Teflubenzuron 75 G/L + Alphacypermethrin 75 G/L SC). Efficon Efficon® insecticide powered by Axalion Active has a novel mode of action and is the sole representative of a unique insecticidal class of chemistry, the Pyridazine pyrazolecarboxamides (or Pyridazine amides) Group 36 that targets sensory organs in piercing and sucking pests, including superior whitefly control. Pirate® Pirate® is a new solution with the unique mode of action that interferes with respiration by uncoupling oxidative phosphorylation, that has been classified by IRAC as the exclusive member in Group 13. Exponus® Exponus® insecticide is a powerful, quick, and versatile insecticide for farmers who want the top performing pest control tool. It is a new mode of action targeted to control even the toughest chewing pests, certain thrips & leaf miner Xelora® Xelora is systemic fungicide with a unique FS (Flowable concentrate for seed treatment) formulation made for seed treatment. It ensures ""Ek Sahi Shuruat"" Stomp® Stomp is an herbicide used in pre-emergence applications to control annual grasses and certain broadleaf weeds in crops like Soybean, Cotton, Wheat Valor 32 Valor 32 is a herbicide for pre-emergence applications to control annual grasses and certain broadleaf weeds for managing the weed flora in Soybean. It is a mixture of two active ingredients: Imazethapyr and Pendimethalin. Pursuit® Pursuit® is a well-known herbicide which ensures effective control of grasses and broad leaved weeds in Soybean, Ground nut, Black gram, Green gram and Red gram. Recommended to be applied as early post emergence when weeds are at 1-2 leaf stage. Odyssey® Odyssey is an early post-emergence herbicide which gives good control against broad leaved weeds and grasses in Soybean, Groundnut, Cluster bean and Red gram with Broad spectrum action and Faster control of weeds Lihocin® Lihocin® is a Plant growth regulator used in crops Cotton, Potato, Brinjal & Grapes. Lihocin® channelizes the plant growth in the desired direction at a particular period of time which results in more yield & better quality produce. Polyram® Polyram is an ideal tank mix and spray program partner due to its versatile Mode of Action i.e. multisite action. Polyram has the very small particle size of WG formulation which: Systiva® Systiva® offers an effective control of all the major seed-borne and soil-borne diseases like Aspergillus in Groundnut and Black Scurf in Potato which ensures a disease free start. Basta® Since Basta® acts by contact action, it is safer to the crops as compared to other non-selective herbicides in directed spray. It exhibits better efficacy against certain hard-to-kill weed species which are not controlled by conventional products currently being used by growers. Priaxor® Priaxor® is powered by BASF’s new active ingredient Xemium®, which is the first of its kind technology that not only counters stress but also provides advanced disease control for commonly occurring diseases in Soybean, Groundnut, Cotton and Wheat. Sefina Sefina, powered by BASF's new active ingredient InscalisTM, is the first of its kind from a new chemical class - Pyropenes. ‹› | Product Link: https://crop-protection.basf.in/en/herbicide/stomp-xtrar"
Fertilizers & Crop Protection (Herbicide),Stomp®,Stomp®,BASF India,India,BASF India Herbicide product: Stomp®. Formulated for high quality crop performance and protection.,Not specified on site,Early season control | Broad spectrum weed management | Flexibility of application | Long residual control,"3-4 days after plantation or sowing, Direct spray",Fully registered & commercialised,₹520 per 500ml bottle,Distribution rights / Commercialised,"Active Ingredient/Technology: It inhibits cell division and cell elongation. Product Application Information Wheat Target Disease Dosage/Application rate Water Volume PHI When to Apply Phalaris minor, Chenopodium album, Melilotus alba, Portulaca oleracea, Anagallis arvensis, Fumaria parviflora, Poa annua Light soil - 3.3 L/Ha Medium soil-4.2 L/Ha Heavy soil- 5 L/ Ha 500-700 L/Ha NA Pre-emergence directly after sowing Rice (Transplanted) Target Disease Dosage/Application rate Water Volume PHI When to Apply Echinochloa colonum, Echinochloa crus-galli, Fimbristylis miliacea, Marsilia quadtifohata, Alternanthera sessilis, Eclipta alba, Ludwigia parviflora, Cyperus difformis (Light to Heavy) 3.3- 5 L/Ha 500-700 L/Ha NA 3-4 days after plantation or sowing, Direct spray Cotton Target Disease Dosage/Application rate Water Volume PHI When to Apply Echinochloa spp, Euphorbia Spp, Amaranthus viridis, Portulaca oleracea, Trianthema spp 2.5-4.165 L/Ha 500-700 L/Ha 150 3-4 days after plantation or sowing, Direct spray Soybean Target Disease Dosage/Application rate Water Volume PHI When to Apply Echinochloa spp, Euphorbia Spp, Amaranthus viridis, Portulaca oleracea, Trianthema spp, Eleusine indica 2.5-3.3 L/Ha 500-700 L/Ha 120 3-4 days after plantation or sowing, Direct spray Label DFU Melyra® Melyra®, powered by Revysol active, features a unique combination of Isopropanol-Azole and Strobilurin. It combines Mefentrifluconazole 200 g/l + Pyraclostrobin 200 g/l SC is a broad-spectrum fungicide. Inveris® Gold Inveris® Gold is an advanced crop protection solution for modern Indian vegetable farming. Powered by dual chemistries with dual modes of action, it delivers broad-spectrum control of sucking pests across key crops. Storm® Storm® 0.005% BB,is most effective and powerful Second Generation, Anticoagulant Rodenticides (SGAR). • It’s nearly five times more powerful than other most popular Second-Generation Anticoagulant Rodenticides. • High quality, highly a Frivon® Frivon® is seaweed extract product containing Ascophyllum nodosum 22% (Liquid) Frivon® represents an innovative advancement in bio-stimulant fertilizer technology. Mibelya® Mibelya®, powered by Revysol active, is a modern solution that launched first time in India. With its dual mode of action, it is designed to exceed farmers' expectations in disease management and transform agriculture in the country. Valexio® Valexio® is a cutting-edge insecticide for rice hoppers that provides outstanding efficacy and long-lasting residual control, fortifying the plant for a bountiful harvest. Imunit® Imunit® is combination of Teflubenzuron and Alphacypermethrin (Teflubenzuron 75 G/L + Alphacypermethrin 75 G/L SC). Efficon Efficon® insecticide powered by Axalion Active has a novel mode of action and is the sole representative of a unique insecticidal class of chemistry, the Pyridazine pyrazolecarboxamides (or Pyridazine amides) Group 36 that targets sensory organs in piercing and sucking pests, including superior whitefly control. Pirate® Pirate® is a new solution with the unique mode of action that interferes with respiration by uncoupling oxidative phosphorylation, that has been classified by IRAC as the exclusive member in Group 13. Facet® A true companion for tough to control Echinochloa species weeds Exponus® Exponus® insecticide is a powerful, quick, and versatile insecticide for farmers who want the top performing pest control tool. It is a new mode of action targeted to control even the toughest chewing pests, certain thrips & leaf miner Xelora® Xelora is systemic fungicide with a unique FS (Flowable concentrate for seed treatment) formulation made for seed treatment. It ensures ""Ek Sahi Shuruat"" Stomp Xtra® Stomp Xtra ( Pendimethalin 38.7 % CS) is a selective pre-emergence herbicide for use in Soybean, Cotton, Chilli, Onion, Groundnut, Mustard, Cumin crops to control susceptible annual grasses and broadleaf weeds as they germinate. Valor 32 Valor 32 is a herbicide for pre-emergence applications to control annual grasses and certain broadleaf weeds for managing the weed flora in Soybean. It is a mixture of two active ingredients: Imazethapyr and Pendimethalin. Pursuit® Pursuit® is a well-known herbicide which ensures effective control of grasses and broad leaved weeds in Soybean, Ground nut, Black gram, Green gram and Red gram. Recommended to be applied as early post emergence when weeds are at 1-2 leaf stage. Odyssey® Odyssey is an early post-emergence herbicide which gives good control against broad leaved weeds and grasses in Soybean, Groundnut, Cluster bean and Red gram with Broad spectrum action and Faster control of weeds Lihocin® Lihocin® is a Plant growth regulator used in crops Cotton, Potato, Brinjal & Grapes. Lihocin® channelizes the plant growth in the desired direction at a particular period of time which results in more yield & better quality produce. Polyram® Polyram is an ideal tank mix and spray program partner due to its versatile Mode of Action i.e. multisite action. Polyram has the very small particle size of WG formulation which: Zidua® Phalaris is the toughest weed and it has changed over the past several years by developing resistance to herbicides with different modes of action. Basagran® Get rid of sedges and broad leaf weeds in your rice field with Basagran®, BASF's proven solution for tough weed problems. Seltima® Control rice blast and give your crop extra plant health benefits with this specially formulated fungicide from BASF. Basta® Since Basta® acts by contact action, it is safer to the crops as compared to other non-selective herbicides in directed spray. It exhibits better efficacy against certain hard-to-kill weed species which are not controlled by conventional products currently being used by growers. Priaxor® Priaxor® is powered by BASF’s new active ingredient Xemium®, which is the first of its kind technology that not only counters stress but also provides advanced disease control for commonly occurring diseases in Soybean, Groundnut, Cotton and Wheat. Sefina Sefina, powered by BASF's new active ingredient InscalisTM, is the first of its kind from a new chemical class - Pyropenes. ‹› | Product Link: https://crop-protection.basf.in/en/herbicide/stompr"
Fertilizers & Crop Protection (Herbicide),Tynzer,Tynzer,BASF India,India,BASF India Herbicide product: Tynzer. Formulated for high quality crop performance and protection.,Not specified on site,Effective control on narrow leaf and broad leaf weeds | Safe and greener corn | Yield advantage | You will get Flux free with TynzerTM | It is must to use herbicide application nozzles like flat fan nozzle for application of TynzerTM. | Kindly use the personal protection gears while handling and application of TynzerTM.,Dosage/Application rate,Fully registered & commercialised,₹520 per 500ml bottle,Distribution rights / Commercialised,Product Link: https://crop-protection.basf.in/en/herbicide/tynzer
Fertilizers & Crop Protection (Herbicide),Valor 32,Valor 32,BASF India,India,BASF India Herbicide product: Valor 32. Formulated for high quality crop performance and protection.,Not specified on site,Early weed management | Broad spectrum weed management | Flexibility of application | Long residual control | Incorporate the herbicide in soil before sowing of crops using suitable farm equipment | Take the measured quantity of Valor 32 and add it to a small quantity of water | Mix thoroughly and then add remaining quantity of water while stirring vigorously,Incorporate the herbicide in soil before sowing of crops using suitable farm equipmentPreparation of spray solution:Take the measured quantity of Valor 32 and add it to a small quantity of waterMix thoroughly and then add remaining quantity of water while stirring vigorously,Fully registered & commercialised,₹520 per 500ml bottle,Distribution rights / Commercialised,"Active Ingredient/Technology: It is a mixture of two active ingredients: Imazethapyr and Pendimethalin. It works by reducing protein synthesis by inhibiting Acetolactate Synthase and also restricts cell division and cell elongation. BenefitsEarly weed managementBroad spectrum weed managementFlexibility of applicationLong residual control How it worksValor 32 belongs to the ALS (Acetolactate Synthase) inhibiting class of herbicides which reduce protein synthesis by inhibiting the Acetolactate Synthase enzyme. It also restricts cell division and cell elongation of the weed flora. Product application information:SoybeanTarget Disease / Pest/WeedsDosage / Application RateWhen and how to applyPHIEchinochloa crusgalli,Commelina benghalensis,Portulaca oleracea 2.5 - 3 L/HaIncorporate the herbicide in soil before sowing of crops using suitable farm equipmentPreparation of spray solution:Take the measured quantity of Valor 32 and add it to a small quantity of waterMix thoroughly and then add remaining quantity of water while stirring vigorously 90 DFU Melyra® Melyra®, powered by Revysol active, features a unique combination of Isopropanol-Azole and Strobilurin. It combines Mefentrifluconazole 200 g/l + Pyraclostrobin 200 g/l SC is a broad-spectrum fungicide. Storm® Storm® 0.005% BB,is most effective and powerful Second Generation, Anticoagulant Rodenticides (SGAR). • It’s nearly five times more powerful than other most popular Second-Generation Anticoagulant Rodenticides. • High quality, highly a Frivon® Frivon® is seaweed extract product containing Ascophyllum nodosum 22% (Liquid) Frivon® represents an innovative advancement in bio-stimulant fertilizer technology. Imunit® Imunit® is combination of Teflubenzuron and Alphacypermethrin (Teflubenzuron 75 G/L + Alphacypermethrin 75 G/L SC). Exponus® Exponus® insecticide is a powerful, quick, and versatile insecticide for farmers who want the top performing pest control tool. It is a new mode of action targeted to control even the toughest chewing pests, certain thrips & leaf miner Xelora® Xelora is systemic fungicide with a unique FS (Flowable concentrate for seed treatment) formulation made for seed treatment. It ensures ""Ek Sahi Shuruat"" Stomp Xtra® Stomp Xtra ( Pendimethalin 38.7 % CS) is a selective pre-emergence herbicide for use in Soybean, Cotton, Chilli, Onion, Groundnut, Mustard, Cumin crops to control susceptible annual grasses and broadleaf weeds as they germinate. Stomp® Stomp is an herbicide used in pre-emergence applications to control annual grasses and certain broadleaf weeds in crops like Soybean, Cotton, Wheat Pursuit® Pursuit® is a well-known herbicide which ensures effective control of grasses and broad leaved weeds in Soybean, Ground nut, Black gram, Green gram and Red gram. Recommended to be applied as early post emergence when weeds are at 1-2 leaf stage. Odyssey® Odyssey is an early post-emergence herbicide which gives good control against broad leaved weeds and grasses in Soybean, Groundnut, Cluster bean and Red gram with Broad spectrum action and Faster control of weeds Priaxor® Priaxor® is powered by BASF’s new active ingredient Xemium®, which is the first of its kind technology that not only counters stress but also provides advanced disease control for commonly occurring diseases in Soybean, Groundnut, Cotton and Wheat. ‹› | Product Link: https://crop-protection.basf.in/en/herbicide/valor-32"
Fertilizers & Crop Protection (Herbicide),Vesnit® Complete,Vesnit® Complete,BASF India,India,BASF India Herbicide product: Vesnit® Complete. Formulated for high quality crop performance and protection.,Not specified on site,"Vesnit® Complete | At 2-3 leaf weed stage or 2-3 inch height of weeds | At right soil moisture level, prepare stock solution of 1 L per acre to be used in 10 knapsack pumps | With the help of Cut Nozzle, apply this stock solution uniformly in the field with the help of 150-200 L water per acre | At 2-3 leaf weed stage or 2-3 inch height of weeds | At right soil moisture condition, prepare stock solution of 1.2 L to be used in 10 knapsack pumps | With the help of Cut Nozzle, apply this stock solution uniformly in the field with the help of 150-200 L water per acre",Dosage/ Application Rate,Fully registered & commercialised,₹520 per 500ml bottle,Distribution rights / Commercialised,"Active Ingredient/Technology: It is a convenient, ready-to-use formulation and also provides crop safety. Benefits Effective and reliable control on grasses & broad-leaf weeds Longer duration control Crop safety Convenient, ready-to-use formulation Inquire about Vesnit® Complete Link Click here for more information on Corn How it works? Vesnit Complete is a systemic post emergence herbicide to control grasses and broad-leaf weeds in Sugarcane and Corn. After application, it is quickly absorbed by leaves, roots and shoots of weeds and translocated to growing points of weeds. It inhibits the activity of 4-Hydroxyphenyl Pyruvate dioxygenase enzyme resulting in the breakdown of chloroplast which causes strong bleaching on the growing shoots. Without photosynthetic tissue, weeds are unable to maintain further growth & die. Mode of action: Synergy of dual mode of action (HPPD Inhibitor + PSII inhibitor) brings superior performance & cross spectrum control on a variety of grasses & broad-leaf weeds Product Application InformationCornTarget WeedDosage/ Application RateWater VolumeWhen & How to apply?PHIParthenium hysterophorus, Panicum spp. Amaranthus viridis, Celosia argentea, Melilotus alba, Alternanthera sp. , Digitaria sanguinalis1 L per acre150-200L/acreAt 2-3 leaf weed stage or 2-3 inch height of weedsAt right soil moisture level, prepare stock solution of 1 L per acre to be used in 10 knapsack pumps With the help of Cut Nozzle, apply this stock solution uniformly in the field with the help of 150-200 L water per acre90 SugarcaneTarget WeedDosage/Application RateWater VolumeWhen & How to apply?PHIAmaranthus viridis, Portulaca oleracea, Alternanthera sessilis 1.2 Litre per Acre 150 -200 Litre water per AcreAt 2-3 leaf weed stage or 2-3 inch height of weedsAt right soil moisture condition, prepare stock solution of 1.2 L to be used in 10 knapsack pumps With the help of Cut Nozzle, apply this stock solution uniformly in the field with the help of 150-200 L water per acre268 Days | Product Link: https://crop-protection.basf.in/en/herbicide/vesnit-complete"
Fertilizers & Crop Protection (Herbicide),Zidua®,Zidua®,BASF India,India,BASF India Herbicide product: Zidua®. Formulated for high quality crop performance and protection.,Not specified on site,Superior management of resistant Phalaris: Unique mode of action- long term sustainable solution for resistant Phalaris | Solution for long duration Phalaris management: Excellent management of Phalaris from 1st Day | Excellent crop safety: Safe Weed management solution for wheat,"Using right spray technology is important to assure uniform coverage of soil, hence use the herbicide nozzles and 200 litres water volume per acre",Fully registered & commercialised,₹520 per 500ml bottle,Distribution rights / Commercialised,"Active Ingredient/Technology: Zidua® overcomes this from 1st day itself, providing growers with superior, long-lasting residual tool to manage resistant Phalaris coupled with excellent crop selectivity. Now it’s time for you to change your farming practice and apply Zidua® Benefits Superior management of resistant Phalaris: Unique mode of action- long term sustainable solution for resistant Phalaris Solution for long duration Phalaris management: Excellent management of Phalaris from 1st Day Excellent crop safety: Safe Weed management solution for wheat How it works? Zidua® is applied as pre-emergence herbicide with combination of Stomp EC. Its root thinning activity keeps Phalaris population and growth under control so that it will not compete with wheat. Irrigation at 21st day controls the already emerged Phalaris and it works as a residual herbicide and gets absorbed through growing roots of Phalaris which leads to a significant long duration control. Zidua® and Stomp EC herbicides, with their combination of two different modes of action, help growers in resistance management in the long term. Benefits of using Zidua® Superior control of Phalaris Significant Long Residual Control Excellent crop safety Precautions Irrigation before 21st day is critical for Zidua which will ensure long duration control Using right spray technology is important to assure uniform coverage of soil, hence use the herbicide nozzles and 200 litres water volume per acre Field should have good tilth and it should be free from clods Not recommended in Zero tillage and Happy seeder field Field should be free from cracks and standing water Correct method for applying Zidua® in the field {""preview_thumbnail"":""/sites/basf.in/files/styles/video_embed_wysiwyg_preview/public/video_thumbnails/H_kaXFBA9P0.jpg?itok=ULRMwf5R"",""video_url"":""https://youtu.be/H_kaXFBA9P0"",""settings"":{""responsive"":1,""width"":""854"",""height"":""480"",""autoplay"":0},""settings_summary"":[""Embedded Video (Responsive).""]} Product application information Wheat Target Disease / Pest Dosage / Application Rate When and how to apply PHI Days Phalaris minor 60g Zidua® per acre with 200 Litres of water Within 3 days of sowing 131 Soybean Target Disease / Pest Dosage / Application Rate When and how to apply PHI Days Echinochloa colonum, Celosia argentia, Trianthema portulacastrum, Amarthanus viridis, Digeria arvensis 60g Zidua® per acre with 200 Litres of water Pre-plant application (Just before sowing) 94 Corn Target Disease / Pest Dosage / Application Rate When and how to apply PHI Days Echinochloa crusgalli, Eleusine indica, Phyllanthus niruri 60g Zidua® per acre with 200 Litres of water Within 3 days of sowing 103 Downloads Label MSDS Stomp® Stomp is an herbicide used in pre-emergence applications to control annual grasses and certain broadleaf weeds in crops like Soybean, Cotton, Wheat Priaxor® Priaxor® is powered by BASF’s new active ingredient Xemium®, which is the first of its kind technology that not only counters stress but also provides advanced disease control for commonly occurring diseases in Soybean, Groundnut, Cotton and Wheat. ‹› | Product Link: https://crop-protection.basf.in/en/herbicide/zidua"
Fertilizers & Crop Protection (Insecticide),Efficon,Efficon,BASF India,India,BASF India Insecticide product: Efficon. Formulated for high quality crop performance and protection.,Not specified on site,Insecticide | Provides quick action and instant results. | Provides Broad Spectrum Control on sucking pests. | Compatible with beneficial releases which strengthens IPM. | Efficon® have favourable safety and environmental profile. | Enables rapid feeding cessation and reduces virus transmission.,Polyram® Polyram is an ideal tank mix and spray program partner due to its versatile Mode of Action i.e. multisite action. Polyram has the very small particle size of WG formulation which:,Fully registered & commercialised,₹580 per 250ml bottle,Distribution rights / Commercialised,"Active Ingredient/Technology: Efficon® insecticide powered by Axalion Active has a novel mode of action and is the sole representative of a unique insecticidal class of chemistry, the Pyridazine pyrazolecarboxamides (or Pyridazine amides) Group 36 that targets sensory organs in piercing and sucking pests, including superior whitefly control.Efficon® stops damage by causing the insect to become uncoordinated, unable to feed or fly. Efficon® shows no known cross resistance. Efficon® systemic action grows with the plant, protecting new growth in between applications. It also provides long-lasting residual control due to its systemic properties, giving great efficacy throughout the lifecycle of the pests. Efficon® is environmentally friendly to non-target organisms when applied according to label instructions and highly compatible with beneficial insects, including pollinators and birds. Link /en/insecticide/efficon Provides quick action and instant results. Provides Broad Spectrum Control on sucking pests. Compatible with beneficial releases which strengthens IPM. Efficon® have favourable safety and environmental profile. Enables rapid feeding cessation and reduces virus transmission. Inquire about Efficon® How it works? Efficon® insecticide powered by Axalion Active acts on the sensory organs of the target insect pests blocking their ability to coordinate, preventing them from feeding and they eventually die from starvation.It interferes with the TRPV channels in a completely different way compared to the other selective feeding blockers (IRAC groups 9 and 29)Target insect pests will stop feeding a few hours after exposure to Efficon.Efficon® shows well-balanced activity via ingestion and contact (direct and indirect)The active ingredient has excellent translaminar activity and Systemacity iin plants and a moderate to very good acropetal movement protecting new growthEfficon® shows excellent residual activity against Aphids, Jassids and Whiteflies at the adequate dose rates Product application information:CottonTarget Disease/PestDosage/Application rateWater Volume phi (days)When & How to applyJassids, Aphids & White fly280ml - 360 ml/acre150-200 L/acre31Initiation of Square formation & Flower to ball formationChiliTarget Disease/PestDosage/Application rateWater Volume phi (days)When & How to applyAphids & White fly280ml/acre150-200 L/acre3Before flowering & Flowering to fruit developmentTomatoTarget Disease/PestDosage/Application rateWater Volume phi (days)When & How to applyAphids & White fly280ml/acre150-200 L/acre3Before flowering & Flowering to fruit developmentBrinjalTarget Disease/PestDosage/Application rateWater Volume phi (days)When & How to applyJassids, Aphids & White fly280ml - 360 ml/acre150-200 L/acre3Before flowering & Flowering to fruit developmentCucumberTarget Disease/PestDosage/Application rateWater Volume phi (days)When & How to applyJassids, Aphids & White fly280ml - 360 ml/acre150-200 L/acre3Before flowering & Flowering to fruit development Download Technical Specifications Label Efficon Compatibility Chart MSDS Efficon Brochure Document Melyra® Melyra®, powered by Revysol active, features a unique combination of Isopropanol-Azole and Strobilurin. It combines Mefentrifluconazole 200 g/l + Pyraclostrobin 200 g/l SC is a broad-spectrum fungicide. Inveris® Gold Inveris® Gold is an advanced crop protection solution for modern Indian vegetable farming. Powered by dual chemistries with dual modes of action, it delivers broad-spectrum control of sucking pests across key crops. Frivon® Frivon® is seaweed extract product containing Ascophyllum nodosum 22% (Liquid) Frivon® represents an innovative advancement in bio-stimulant fertilizer technology. Imunit® Imunit® is combination of Teflubenzuron and Alphacypermethrin (Teflubenzuron 75 G/L + Alphacypermethrin 75 G/L SC). Pirate® Pirate® is a new solution with the unique mode of action that interferes with respiration by uncoupling oxidative phosphorylation, that has been classified by IRAC as the exclusive member in Group 13. Exponus® Exponus® insecticide is a powerful, quick, and versatile insecticide for farmers who want the top performing pest control tool. It is a new mode of action targeted to control even the toughest chewing pests, certain thrips & leaf miner Stomp Xtra® Stomp Xtra ( Pendimethalin 38.7 % CS) is a selective pre-emergence herbicide for use in Soybean, Cotton, Chilli, Onion, Groundnut, Mustard, Cumin crops to control susceptible annual grasses and broadleaf weeds as they germinate. Stomp® Stomp is an herbicide used in pre-emergence applications to control annual grasses and certain broadleaf weeds in crops like Soybean, Cotton, Wheat Lihocin® Lihocin® is a Plant growth regulator used in crops Cotton, Potato, Brinjal & Grapes. Lihocin® channelizes the plant growth in the desired direction at a particular period of time which results in more yield & better quality produce. Zampro ® For Late blight and Downy mildew many options are available but are those enough to protect your crop with quality benefits. Are we missing an essential piece. Presenting BASF Zampro an essential piece in your crop success. Most advanced fungicide to control critical diseases. Polyram® Polyram is an ideal tank mix and spray program partner due to its versatile Mode of Action i.e. multisite action. Polyram has the very small particle size of WG formulation which: Basta® Since Basta® acts by contact action, it is safer to the crops as compared to other non-selective herbicides in directed spray. It exhibits better efficacy against certain hard-to-kill weed species which are not controlled by conventional products currently being used by growers. Priaxor® Priaxor® is powered by BASF’s new active ingredient Xemium®, which is the first of its kind technology that not only counters stress but also provides advanced disease control for commonly occurring diseases in Soybean, Groundnut, Cotton and Wheat. Sefina Sefina, powered by BASF's new active ingredient InscalisTM, is the first of its kind from a new chemical class - Pyropenes. ‹› | Product Link: https://crop-protection.basf.in/en/insecticide/efficon"
Fertilizers & Crop Protection (Insecticide),Exponus®,Exponus®,BASF India,India,BASF India Insecticide product: Exponus®. Formulated for high quality crop performance and protection.,Not specified on site,Insecticide,Polyram® Polyram is an ideal tank mix and spray program partner due to its versatile Mode of Action i.e. multisite action. Polyram has the very small particle size of WG formulation which:,Fully registered & commercialised,₹790 per 34ml bottle,Distribution rights / Commercialised,"Active Ingredient/Technology: It is a new mode of action targeted to control even the toughest chewing pests, certain thrips & leaf miner Benefits 1. Powerful - Effective on resistant and toughest insects 2. Quick - Spreads and acts fast, resulting in quick control of insects 3. Versatile - Effectively controls many insects in different crops at different stages Inquire about Exponus® How it works?Unique mode of Action - Powered by the active ingredient Broflanilide. GABA-gated chloride channel allosteric modulatorsNo Cross Resistance - Effective on targets which have developed resistance against multiple MOAs Remote video URL Benefits of using ExponusSoybeanChilliRed GramTomatoBrinjal Mode of Action Exponus® prevents GABA from transmitting inhibitory signals causing over excitation of the nervous system leading to incapacitation of the insect. Learn the right application for the best results by visiting the Exponus® Experience Zone. Product Application InformationSoybeanDose ml/acreWater volume/acre1st Spray2nd SprayPHI / dayCrop benefits17200 ltrWith pest incidence12 to 15 days after 1st application37Complete control of Helicoverpa, Spodoptera & Semi looperQuick knockdownGood quality pods resulting in higher yield MaizeDose ml/acreWater volume/acre1st Spray2nd SprayPHI / dayCrop benefits20150 – 200 ltrWith the onset of Fall Army Worm7 to 10 days after 1st application42Fall armyworm(Spodoptera frugiperda) control CabbageDose ml/acreWater volume/acre1st Spray2nd SprayPHI / dayCrop benefits17150 – 200 ltrActive vegetative growth stage10-12 days after 1st application1Diamond Black moth (Plutella xylostella) &Tobacco leaf eating caterpillar(Spodoptera litura) control GrapesDose ml/acreWater volume/acre1st Spray2nd SprayPHI / dayCrop benefits341000 ltrPre bloom stageBerry setting70Thrips (Scirtothrips dorsalis) control Red Gram Dose ml/acreWater volume/acre1st Spray2nd SprayPHI / dayCrop benefits17200 ltrWith pest incidence20 to 25 days after 1st application25Excellent & long-lasting control of Maruca and HelicoverpaBetter crop architectureBetter flower retention leading to yield advantageChilliDose ml/acreWater volume/acre1st Spray2nd SprayPHI / dayCrop benefits34200 ltrActive vegetative growth stage with Thrips incidence7-10 days after 1st application1Excellent control of selected Thrips & LepidopteraBetter crop architectureBetter Marketable YieldTomatoDose ml/acreWater volume/acre1st Spray2nd SprayPHI / dayCrop benefits25200 ltrBefore Flower initiationFruit initiation stage1Excellent Lepidoptera controlBetter crop architectureBetter YieldBrinjalDose ml/acreWater volume/acre1st Spray2nd SprayPHI / dayCrop benefits25200 ltrActive vegetative growth stage7-10 days after 1st application1Very good shoot & fruit borer controlBetter crop architectureEdge on Thrips control/suppressionBetter Yield Download Technical Specifications Material Safety Data Sheet (Download) Direction for Use- (Download) Melyra® Melyra®, powered by Revysol active, features a unique combination of Isopropanol-Azole and Strobilurin. It combines Mefentrifluconazole 200 g/l + Pyraclostrobin 200 g/l SC is a broad-spectrum fungicide. Inveris® Gold Inveris® Gold is an advanced crop protection solution for modern Indian vegetable farming. Powered by dual chemistries with dual modes of action, it delivers broad-spectrum control of sucking pests across key crops. Storm® Storm® 0.005% BB,is most effective and powerful Second Generation, Anticoagulant Rodenticides (SGAR). • It’s nearly five times more powerful than other most popular Second-Generation Anticoagulant Rodenticides. • High quality, highly a Frivon® Frivon® is seaweed extract product containing Ascophyllum nodosum 22% (Liquid) Frivon® represents an innovative advancement in bio-stimulant fertilizer technology. Imunit® Imunit® is combination of Teflubenzuron and Alphacypermethrin (Teflubenzuron 75 G/L + Alphacypermethrin 75 G/L SC). Efficon Efficon® insecticide powered by Axalion Active has a novel mode of action and is the sole representative of a unique insecticidal class of chemistry, the Pyridazine pyrazolecarboxamides (or Pyridazine amides) Group 36 that targets sensory organs in piercing and sucking pests, including superior whitefly control. Xelora® Xelora is systemic fungicide with a unique FS (Flowable concentrate for seed treatment) formulation made for seed treatment. It ensures ""Ek Sahi Shuruat"" Stomp Xtra® Stomp Xtra ( Pendimethalin 38.7 % CS) is a selective pre-emergence herbicide for use in Soybean, Cotton, Chilli, Onion, Groundnut, Mustard, Cumin crops to control susceptible annual grasses and broadleaf weeds as they germinate. Stomp® Stomp is an herbicide used in pre-emergence applications to control annual grasses and certain broadleaf weeds in crops like Soybean, Cotton, Wheat Valor 32 Valor 32 is a herbicide for pre-emergence applications to control annual grasses and certain broadleaf weeds for managing the weed flora in Soybean. It is a mixture of two active ingredients: Imazethapyr and Pendimethalin. Pursuit® Pursuit® is a well-known herbicide which ensures effective control of grasses and broad leaved weeds in Soybean, Ground nut, Black gram, Green gram and Red gram. Recommended to be applied as early post emergence when weeds are at 1-2 leaf stage. Odyssey® Odyssey is an early post-emergence herbicide which gives good control against broad leaved weeds and grasses in Soybean, Groundnut, Cluster bean and Red gram with Broad spectrum action and Faster control of weeds Zampro ® For Late blight and Downy mildew many options are available but are those enough to protect your crop with quality benefits. Are we missing an essential piece. Presenting BASF Zampro an essential piece in your crop success. Most advanced fungicide to control critical diseases. Polyram® Polyram is an ideal tank mix and spray program partner due to its versatile Mode of Action i.e. multisite action. Polyram has the very small particle size of WG formulation which: Priaxor® Priaxor® is powered by BASF’s new active ingredient Xemium®, which is the first of its kind technology that not only counters stress but also provides advanced disease control for commonly occurring diseases in Soybean, Groundnut, Cotton and Wheat. ‹› | Product Link: https://crop-protection.basf.in/en/insecticide/exponus"
Fertilizers & Crop Protection (Insecticide),Imunit®,Imunit®,BASF India,India,BASF India Insecticide product: Imunit®. Formulated for high quality crop performance and protection.,Not specified on site,"Insecticide | Teflubenzuron is classified under IRAC - Group 15, which controls insects by inhibiting the formation and growth of the cuticle (exoskeleton) | Assured protection from early insects | Solution for complex pest challenges | Excellent crop establishment",Polyram® Polyram is an ideal tank mix and spray program partner due to its versatile Mode of Action i.e. multisite action. Polyram has the very small particle size of WG formulation which:,Fully registered & commercialised,₹580 per 250ml bottle,Distribution rights / Commercialised,"Active Ingredient/Technology: Imunit® is combination of Teflubenzuron and Alphacypermethrin (Teflubenzuron 75 G/L + Alphacypermethrin 75 G/L SC).Teflubenzuron is classified under IRAC - Group 15, which controls insects by inhibiting the formation and growth of the cuticle (exoskeleton)Alphacypermethrin is classified under IRAC - Group 3, which controls insects by contact and ingestion of applied residues. Benefits Assured protection from early insectsSolution for complex pest challengesExcellent crop establishment How it works?The dual action of Imunit® is a game-changer in pest control. Imunit‘s active ingredients eliminate pests in two ways:Firstly, Imunit works as a Chitin biosynthesis inhibitor, targets formation, weakening the exoskeleton. Without sturdy chitin, pests struggle to molt properly, disturbing their growth and ultimately leading to a slow death. Secondly, Imunit causes hyper-depolarization leading too many sodium ions to rush in within neuron, as a result, the pest's nerves fire too many signals, causing chaos in the brain and leading to twitching, paralysis, and ultimately death of pests. Imunit attacks pests in two different ways from within ensuring effective pest control and a safe takeoff of your crop. Product application information:ChiliTarget Disease / Pest/WeedsDosage / Application RateWater VolumePHIThrips, Spodoptera litura, Helicoverpa armigera120 ml/acre120-160 L/ acre3SoybeanTarget Disease / Pest/WeedsDosage / Application RateWater VolumePHISemilooper, Spodoptera litura120 ml/acre120-160 L/ acre28TomatoTarget Disease / Pest/WeedsDosage / Application RateWater VolumePHIThrips, Spodoptera litura, Helicoverpa armigera120 ml/acre120-160 L/ acre3 Melyra® Melyra®, powered by Revysol active, features a unique combination of Isopropanol-Azole and Strobilurin. It combines Mefentrifluconazole 200 g/l + Pyraclostrobin 200 g/l SC is a broad-spectrum fungicide. Inveris® Gold Inveris® Gold is an advanced crop protection solution for modern Indian vegetable farming. Powered by dual chemistries with dual modes of action, it delivers broad-spectrum control of sucking pests across key crops. Storm® Storm® 0.005% BB,is most effective and powerful Second Generation, Anticoagulant Rodenticides (SGAR). • It’s nearly five times more powerful than other most popular Second-Generation Anticoagulant Rodenticides. • High quality, highly a Frivon® Frivon® is seaweed extract product containing Ascophyllum nodosum 22% (Liquid) Frivon® represents an innovative advancement in bio-stimulant fertilizer technology. Efficon Efficon® insecticide powered by Axalion Active has a novel mode of action and is the sole representative of a unique insecticidal class of chemistry, the Pyridazine pyrazolecarboxamides (or Pyridazine amides) Group 36 that targets sensory organs in piercing and sucking pests, including superior whitefly control. Exponus® Exponus® insecticide is a powerful, quick, and versatile insecticide for farmers who want the top performing pest control tool. It is a new mode of action targeted to control even the toughest chewing pests, certain thrips & leaf miner Xelora® Xelora is systemic fungicide with a unique FS (Flowable concentrate for seed treatment) formulation made for seed treatment. It ensures ""Ek Sahi Shuruat"" Stomp Xtra® Stomp Xtra ( Pendimethalin 38.7 % CS) is a selective pre-emergence herbicide for use in Soybean, Cotton, Chilli, Onion, Groundnut, Mustard, Cumin crops to control susceptible annual grasses and broadleaf weeds as they germinate. Stomp® Stomp is an herbicide used in pre-emergence applications to control annual grasses and certain broadleaf weeds in crops like Soybean, Cotton, Wheat Valor 32 Valor 32 is a herbicide for pre-emergence applications to control annual grasses and certain broadleaf weeds for managing the weed flora in Soybean. It is a mixture of two active ingredients: Imazethapyr and Pendimethalin. Pursuit® Pursuit® is a well-known herbicide which ensures effective control of grasses and broad leaved weeds in Soybean, Ground nut, Black gram, Green gram and Red gram. Recommended to be applied as early post emergence when weeds are at 1-2 leaf stage. Odyssey® Odyssey is an early post-emergence herbicide which gives good control against broad leaved weeds and grasses in Soybean, Groundnut, Cluster bean and Red gram with Broad spectrum action and Faster control of weeds Zampro ® For Late blight and Downy mildew many options are available but are those enough to protect your crop with quality benefits. Are we missing an essential piece. Presenting BASF Zampro an essential piece in your crop success. Most advanced fungicide to control critical diseases. Polyram® Polyram is an ideal tank mix and spray program partner due to its versatile Mode of Action i.e. multisite action. Polyram has the very small particle size of WG formulation which: Priaxor® Priaxor® is powered by BASF’s new active ingredient Xemium®, which is the first of its kind technology that not only counters stress but also provides advanced disease control for commonly occurring diseases in Soybean, Groundnut, Cotton and Wheat. ‹› | Product Link: https://crop-protection.basf.in/en/insecticide/imunitr"
Fertilizers & Crop Protection (Insecticide),Intrepid®,Intrepid®,BASF India,India,"Intrepid® is a broad spectrum insecticides for Chilli & Cabbage. It gives superior control for DBM and Mites. Broad spectrum control: DBM and Mites Longer duration of control: Compared to other conventional miticides / insecticides. This leads to lesser number of sprays on the crop Translaminar: Intrepid is able to control pests feeding on the underside of the leaf. {""preview_thumbnail"":""/sites/basf.in/files/styles/video_embed_wysiwyg_preview/public/video_thumbnails/mXZSqD_ia7A.jpg?itok=Uc5DkxYe"",""video_url"":""https://youtu.be/mXZSqD_ia7A"",""settings"":{""responsive"":1,""width"":""854"",""height"":""480"",""autoplay"":1},""settings_summary"":[""Embedded Video (Responsive, autoplaying).""]}",Not specified on site,Insecticide | Broad spectrum control: DBM and Mites | Longer duration of control: Compared to other conventional miticides / insecticides. This leads to lesser number of sprays on the crop | Translaminar: Intrepid is able to control pests feeding on the underside of the leaf. | Interferes with respiration & acts on mitochondria (power house) | Intrepid stops the battery of the insect !! (Conversion of ADP to ATP in Mitochondria generates chemical energy for cell functions in insects) | Intrepid lodges between inner and outer membranes of Mitochondria and prevents ATP production. | Hence cells stop functioning and insect dies from inability to produce its own energy,Benefits of Intrepid Broad spectrum control: DBM and Mites Longer duration of control: Compared to other conventional miticides / insecticides. This leads to lesser number of sprays on the crop Translaminar: Intrepid is able to control pests feeding on the underside of the leaf.,Fully registered & commercialised,₹580 per 250ml bottle,Distribution rights / Commercialised,Product Link: https://crop-protection.basf.in/en/insecticide/intrepidr
Fertilizers & Crop Protection (Insecticide),Inveris® Gold,Inveris® Gold,BASF India,India,BASF India Insecticide product: Inveris® Gold. Formulated for high quality crop performance and protection.,Not specified on site,Insecticide | Inveris® Gold | Broad-spectrum management of the sucking pest complex | Powerful dual knock impact | Reduced feeding damage and superior yield potential,Polyram® Polyram is an ideal tank mix and spray program partner due to its versatile Mode of Action i.e. multisite action. Polyram has the very small particle size of WG formulation which:,Fully registered & commercialised,₹580 per 250ml bottle,Distribution rights / Commercialised,"Active Ingredient/Technology: It reduces feeding damage, supports healthier crops, and helps deliver superior yields. Inveris® Gold is an advanced crop protection solution for modern Indian vegetable farming. Powered by dual chemistries with dual modes of action, it delivers broad-spectrum control of sucking pests across key crops. Its dual knock impact quickly disrupts pest sensing and impairs nerve and muscle function for fast, effective control. This rapid action reduces feeding damage, minimizes crop stress at critical growth stages, and helps maintain crop vigor so the crop can perform at its full potential. Inveris® Gold is an ideal choice for insecticide resistance management (IRM), helping Indian growers achieve healthier crops and superior yields. Broad-spectrum management of the sucking pest complex Powerful dual knock impact Reduced feeding damage and superior yield potential Inquire about Inveris® Gold How it works? Inveris® Gold is powered by dual chemistries with dual modes of action, enhancing control and supporting insecticide resistance management (IRM) for sucking pests. It disrupts pest sensing, causing immediate disorientation and rapid feeding stoppage. It also breaks down nerve and muscle function, leading to quick paralysis and effective control within hours. This rapid action reduces feeding damage and helps Indian growers protect crop vigor for superior yields. Product application information:BrinjalTarget Disease/PestDosage/Application rateWater Volume phi (days)When & How to applyWhitefly, Leaf hoppers, Mites300 ml/acre150 - 200 L/acre3Flowering stage to fruit initiation stageCottonTarget Disease/PestDosage/Application rateWater Volume phi (days)When & How to applyThrips, Aphids, Jassids300 ml/acre150-200 L/acre60Flowering stage to boll initiation stageChiliTarget Disease/PestDosage/Application rateWater Volume phi (days)When & How to applyWhitefly, Thrips, Mites, Aphids300 ml/acre150-200 L/acre3Flowering stage to fruit initiation stageTomatoTarget Disease/PestDosage/Application rateWater Volume phi (days)When & How to applyLeaf hopper, Whitefly, Mites300 ml/acre150-200 L/acre3Flowering stage to fruit initiation stageOkraTarget Disease/PestDosage/Application rateWater Volume phi (days)When & How to applyLeaf hopper, Whitefly, Mites, Aphids300 ml/acre150-200 L/acre3Flowering stage to fruit initiation stageCucumberTarget Disease/PestDosage/Application rateWater Volume phi (days)When & How to applyWhitefly, Thrips, Leaf miner300 ml/acre150-200 L/acre3Flowering stage to fruit initiation stage MSDS Inveris Brochure Melyra® Melyra®, powered by Revysol active, features a unique combination of Isopropanol-Azole and Strobilurin. It combines Mefentrifluconazole 200 g/l + Pyraclostrobin 200 g/l SC is a broad-spectrum fungicide. Frivon® Frivon® is seaweed extract product containing Ascophyllum nodosum 22% (Liquid) Frivon® represents an innovative advancement in bio-stimulant fertilizer technology. Imunit® Imunit® is combination of Teflubenzuron and Alphacypermethrin (Teflubenzuron 75 G/L + Alphacypermethrin 75 G/L SC). Efficon Efficon® insecticide powered by Axalion Active has a novel mode of action and is the sole representative of a unique insecticidal class of chemistry, the Pyridazine pyrazolecarboxamides (or Pyridazine amides) Group 36 that targets sensory organs in piercing and sucking pests, including superior whitefly control. Pirate® Pirate® is a new solution with the unique mode of action that interferes with respiration by uncoupling oxidative phosphorylation, that has been classified by IRAC as the exclusive member in Group 13. Exponus® Exponus® insecticide is a powerful, quick, and versatile insecticide for farmers who want the top performing pest control tool. It is a new mode of action targeted to control even the toughest chewing pests, certain thrips & leaf miner Stomp Xtra® Stomp Xtra ( Pendimethalin 38.7 % CS) is a selective pre-emergence herbicide for use in Soybean, Cotton, Chilli, Onion, Groundnut, Mustard, Cumin crops to control susceptible annual grasses and broadleaf weeds as they germinate. Stomp® Stomp is an herbicide used in pre-emergence applications to control annual grasses and certain broadleaf weeds in crops like Soybean, Cotton, Wheat Lihocin® Lihocin® is a Plant growth regulator used in crops Cotton, Potato, Brinjal & Grapes. Lihocin® channelizes the plant growth in the desired direction at a particular period of time which results in more yield & better quality produce. Zampro ® For Late blight and Downy mildew many options are available but are those enough to protect your crop with quality benefits. Are we missing an essential piece. Presenting BASF Zampro an essential piece in your crop success. Most advanced fungicide to control critical diseases. Polyram® Polyram is an ideal tank mix and spray program partner due to its versatile Mode of Action i.e. multisite action. Polyram has the very small particle size of WG formulation which: Basta® Since Basta® acts by contact action, it is safer to the crops as compared to other non-selective herbicides in directed spray. It exhibits better efficacy against certain hard-to-kill weed species which are not controlled by conventional products currently being used by growers. Priaxor® Priaxor® is powered by BASF’s new active ingredient Xemium®, which is the first of its kind technology that not only counters stress but also provides advanced disease control for commonly occurring diseases in Soybean, Groundnut, Cotton and Wheat. Sefina Sefina, powered by BASF's new active ingredient InscalisTM, is the first of its kind from a new chemical class - Pyropenes. ‹› | Product Link: https://crop-protection.basf.in/en/insecticide/inveris-gold"
Fertilizers & Crop Protection (Insecticide),Pirate®,Pirate®,BASF India,India,BASF India Insecticide product: Pirate®. Formulated for high quality crop performance and protection.,Not specified on site,"Insecticide | Pirate® is an excellent choice as a resistance management tool, controlling labelled insect pests that are resistant to other commonly used insecticides. | Pirate® also helps in vector control and reduces the pest induced stress resulting in a greener and healthier crop. | Pirate® exhibits excellent translaminar movement. | Pirate® has excellent rain fastness.","Basta® Since Basta® acts by contact action, it is safer to the crops as compared to other non-selective herbicides in directed spray. It exhibits better efficacy against certain hard-to-kill weed species which are not controlled by conventional products currently being used by growers.",Fully registered & commercialised,₹580 per 250ml bottle,Distribution rights / Commercialised,"Active Ingredient/Technology: Pirate® is a new solution with the unique mode of action that interferes with respiration by uncoupling oxidative phosphorylation, that has been classified by IRAC as the exclusive member in Group 13. Benefits Pirate® is an excellent choice as a resistance management tool, controlling labelled insect pests that are resistant to other commonly used insecticides. Pirate® also helps in vector control and reduces the pest induced stress resulting in a greener and healthier crop. Pirate® exhibits excellent translaminar movement. Pirate® has good contact & stomach action. Pirate® has excellent rain fastness. How it works? Unique Mode of Action: • Pirate® acts on the power houses of the insect's cells – inhibits respiration and energy production. • Pirate® process involved in disrupting the transformation of ADP into ATP: – Uncouplers of oxidative phosphorylation via disruption of the proton gradient Protonophores that short-circuit the mitochondrial proton gradient so that ATP cannot be synthesized. Product application informationCottonTarget DiseaseDosage/Application rateWater VolumePHIWhen to ApplySpodoptera litura & Thrips125-170 ml/acre200 L/acre48Active Vegetative growth stage to Early square formation stage ChilliTarget DiseaseDosage/Application rateWater VolumePHIWhen to ApplyMites, Thrips & Spodoptera litura125-170 ml/acre200 L/acre7Before Flowering Helicoverpa armigera320-400 ml/ acre200 L/acre7 Before Flowering BrinjalTarget DiseaseDosage/Application rateWater VolumePHIWhen to ApplyMites 320-400 ml/acre200 L/acre10Vegetative growth stage or Initial fruit development stage MSDS Pirate Label Melyra® Melyra®, powered by Revysol active, features a unique combination of Isopropanol-Azole and Strobilurin. It combines Mefentrifluconazole 200 g/l + Pyraclostrobin 200 g/l SC is a broad-spectrum fungicide. Inveris® Gold Inveris® Gold is an advanced crop protection solution for modern Indian vegetable farming. Powered by dual chemistries with dual modes of action, it delivers broad-spectrum control of sucking pests across key crops. Frivon® Frivon® is seaweed extract product containing Ascophyllum nodosum 22% (Liquid) Frivon® represents an innovative advancement in bio-stimulant fertilizer technology. Efficon Efficon® insecticide powered by Axalion Active has a novel mode of action and is the sole representative of a unique insecticidal class of chemistry, the Pyridazine pyrazolecarboxamides (or Pyridazine amides) Group 36 that targets sensory organs in piercing and sucking pests, including superior whitefly control. Stomp Xtra® Stomp Xtra ( Pendimethalin 38.7 % CS) is a selective pre-emergence herbicide for use in Soybean, Cotton, Chilli, Onion, Groundnut, Mustard, Cumin crops to control susceptible annual grasses and broadleaf weeds as they germinate. Stomp® Stomp is an herbicide used in pre-emergence applications to control annual grasses and certain broadleaf weeds in crops like Soybean, Cotton, Wheat Lihocin® Lihocin® is a Plant growth regulator used in crops Cotton, Potato, Brinjal & Grapes. Lihocin® channelizes the plant growth in the desired direction at a particular period of time which results in more yield & better quality produce. Basta® Since Basta® acts by contact action, it is safer to the crops as compared to other non-selective herbicides in directed spray. It exhibits better efficacy against certain hard-to-kill weed species which are not controlled by conventional products currently being used by growers. Priaxor® Priaxor® is powered by BASF’s new active ingredient Xemium®, which is the first of its kind technology that not only counters stress but also provides advanced disease control for commonly occurring diseases in Soybean, Groundnut, Cotton and Wheat. Sefina Sefina, powered by BASF's new active ingredient InscalisTM, is the first of its kind from a new chemical class - Pyropenes. ‹› | Product Link: https://crop-protection.basf.in/en/insecticide/pirater"
Fertilizers & Crop Protection (Insecticide),Sefina,Sefina,BASF India,India,BASF India Insecticide product: Sefina. Formulated for high quality crop performance and protection.,Not specified on site,"Insecticide | Novel mode of action for faster and exceptional control of Jassids and Whiteflies (both adults & early instar nymphs) | Best choice for resistance management | Product comes with a unique formulation and inbuilt penetrant that ensures proper spread and efficacy of the product on plant after spraying | Good plant growth, quality cotton | Reduced viral transmission & fresh vegetables | 1st spray at the initiation of pest & 2nd spray 10 days after first spray | Spraying twice at an interval of 10 days offers good residual control","Novel mode of action for faster and exceptional control of Jassids and Whiteflies (both adults & early instar nymphs) Best choice for resistance management Product comes with a unique formulation and inbuilt penetrant that ensures proper spread and efficacy of the product on plant after spraying Good plant growth, quality cotton Reduced viral transmission & fresh vegetables",Fully registered & commercialised,₹920 per 250ml bottle,Distribution rights / Commercialised,"Active Ingredient/Technology: InscalisTM is a pioneer solution that has been classified by Insecticide Resistance Action Committee (IRAC) as the only member in the new mode of action subgroup 9D. Benefits of Sefina Insecticide Novel mode of action for faster and exceptional control of Jassids and Whiteflies (both adults & early instar nymphs) Best choice for resistance management Product comes with a unique formulation and inbuilt penetrant that ensures proper spread and efficacy of the product on plant after spraying Good plant growth, quality cotton Reduced viral transmission & fresh vegetables Product application information:CottonTarget Disease/PestDosage/Application rateWhen & How to applyJassids and Whiteflies (early instar nymphs and adults)400 ml/acre1st spray at the initiation of pest & 2nd spray 10 days after first spraySpraying twice at an interval of 10 days offers good residual controlEnsure complete coverage of the plant while sprayingBrinjalTarget Disease/PestDosage/Application rateWhen & How to applyJassids & Whiteflies (early instar nymphs and adults)400 ml/acre1st spray at the initiation of pest & 2nd spray 10 days after first spraySpraying twice at an interval of 10 days offers good residual controlEnsure complete coverage of the plant while sprayingCucumberTarget Disease/PestDosage/Application rateWhen & How to applyWhiteflies (early instar nymphs and adults)280 ml - 400 ml/acre for Whiteflies1st spray at the initiation of pest & 2nd spray 10 days after first spraySpraying twice at an interval of 10 days offers good residual controlEnsure complete coverage of the plant while sprayingTomatoTarget Disease/PestDosage/Application rateWhen & How to applyWhiteflies400 ml/acre1st spray at the initiation of pest & 2nd spray 10 days after first spraySpraying twice at an interval of 10 days offers good residual controlEnsure complete coverage of the plant while sprayingSoybeanTarget Disease/PestDosage/Application rateWhen & How to applyWhiteflies400 ml/acre1st spray at the initiation of pest & 2nd spray 10 days after first spraySpraying twice at an interval of 10 days offers good residual controlEnsure complete coverage of the plant while sprayingOkraTarget Disease/PestDosage/Application rateWhen & How to applyWhiteflies & Leaf Hopper400 ml/acre1st spray at the initiation of pest & 2nd spray 10 days after first spraySpraying twice at an interval of 10 days offers good residual controlEnsure complete coverage of the plant while sprayingChiliTarget Disease/PestDosage/Application rateWhen & How to applyWhiteflies 280 ml/acre1st spray at the initiation of pest & 2nd spray 10 days after first spraySpraying twice at an interval of 10 days offers good residual controlEnsure complete coverage of the plant while sprayingPotatoTarget Disease/PestDosage/Application rateWhen & How to applyAphids80 ml/acre1st spray at the initiation of pest & 2nd spray 10 days after first spraySpraying twice at an interval of 10 days offers good residual controlEnsure complete coverage of the plant while spraying How it works? The chordotonal organs, present in insects but not in other class of animals, are the biological stretch sensors. InscalisTM acts selectively on these stretch sensors, causing the insects to be deaf, disoriented and uncoordinated and eventually stop feeding and die from dehydration and starvation. Control key insects like Jassids and Whiteflies (early instar nymphs and adults) with Sefina, the latest insecticide by BASF. With its new mode of action, Sefina gives farmers a new and powerful tool to combat resistance as part of the integrated pest management program. Excellent bio-efficacy: Whiteflies on cotton Jassids on cotton {""preview_thumbnail"":""/sites/basf.in/files/styles/video_embed_wysiwyg_preview/public/video_thumbnails/dDZVUTwZ2Mc.jpg?itok=mc4487v8"",""video_url"":""https://www.youtube.com/watch?v=dDZVUTwZ2Mc"",""settings"":{""responsive"":1,""width"":""854"",""height"":""480"",""autoplay"":0},""settings_summary"":[""Embedded Video (Responsive).""]} Brochure/Technical Data Sheet Label Melyra® Melyra®, powered by Revysol active, features a unique combination of Isopropanol-Azole and Strobilurin. It combines Mefentrifluconazole 200 g/l + Pyraclostrobin 200 g/l SC is a broad-spectrum fungicide. Inveris® Gold Inveris® Gold is an advanced crop protection solution for modern Indian vegetable farming. Powered by dual chemistries with dual modes of action, it delivers broad-spectrum control of sucking pests across key crops. Frivon® Frivon® is seaweed extract product containing Ascophyllum nodosum 22% (Liquid) Frivon® represents an innovative advancement in bio-stimulant fertilizer technology. Efficon Efficon® insecticide powered by Axalion Active has a novel mode of action and is the sole representative of a unique insecticidal class of chemistry, the Pyridazine pyrazolecarboxamides (or Pyridazine amides) Group 36 that targets sensory organs in piercing and sucking pests, including superior whitefly control. Pirate® Pirate® is a new solution with the unique mode of action that interferes with respiration by uncoupling oxidative phosphorylation, that has been classified by IRAC as the exclusive member in Group 13. Stomp Xtra® Stomp Xtra ( Pendimethalin 38.7 % CS) is a selective pre-emergence herbicide for use in Soybean, Cotton, Chilli, Onion, Groundnut, Mustard, Cumin crops to control susceptible annual grasses and broadleaf weeds as they germinate. Stomp® Stomp is an herbicide used in pre-emergence applications to control annual grasses and certain broadleaf weeds in crops like Soybean, Cotton, Wheat Lihocin® Lihocin® is a Plant growth regulator used in crops Cotton, Potato, Brinjal & Grapes. Lihocin® channelizes the plant growth in the desired direction at a particular period of time which results in more yield & better quality produce. Basta® Since Basta® acts by contact action, it is safer to the crops as compared to other non-selective herbicides in directed spray. It exhibits better efficacy against certain hard-to-kill weed species which are not controlled by conventional products currently being used by growers. Priaxor® Priaxor® is powered by BASF’s new active ingredient Xemium®, which is the first of its kind technology that not only counters stress but also provides advanced disease control for commonly occurring diseases in Soybean, Groundnut, Cotton and Wheat. ‹› | Product Link: https://crop-protection.basf.in/en/insecticide/sefina"
Fertilizers & Crop Protection (Insecticide),Valexio®,Valexio®,BASF India,India,"A true companion for tough to control Echinochloa species weeds Stomp is an herbicide used in pre-emergence applications to control annual grasses and certain broadleaf weeds in crops like Soybean, Cotton, Wheat Polyram is an ideal tank mix and spray program partner due to its versatile Mode of Action i.e. multisite action. Polyram has the very small particle size of WG formulation which:",Not specified on site,"Insecticide | Stronger control by cutting edge Insecticide : Quick feeding cessation, prevents reproduction and control all types of Hoppers at all stages | Longer Duration control : Minimum labor cost and investment with peace of mind | Healthiest tillers : Green, Clean and strong tillers which support translocation of food to grains till maturity | Valexio works by targeting nicotinic acetylcholine receptors essential for transmitting nerve signals in rice hoppers. | By blocking these receptors, Valexio stops the neurotransmitter acetylcholine from sending signals.This disruption causes paralysis, preventing pests from feeding, reproducing and damaging crops. | Valexio’s chemical structure resists being broken down by upregulated metabolic enzymes in resistant pest populations, allowing Valexio to maintain efficacy. | Valexio physico-chemical properties enable plant systemicity, ensuring complete plant coverage, improved Rain fastness and longer residual activity, all in a flexible, easy-to-use application.",Product application information:RiceTarget Disease/PestDosage/Application rateWater Volume phi (days)When & How to applyBrown plant Hopper ( Nilaparvata Lugens) and white backed plant hopper ( Sogatella furcifera)60ml/acre200 L/acre37Apply at Booting stage,Fully registered & commercialised,₹580 per 250ml bottle,Distribution rights / Commercialised,"Active Ingredient/Technology: Valexio® powered by Prexio® Active is a new, cutting-edge insecticide active ingredient designed specifically for rice hopper control. It delivers outstanding efficacy and long residual control, offering growers a tool that is easy to use and flexible in supporting their various rice farming practices. BenefitsStronger control by cutting edge Insecticide : Quick feeding cessation, prevents reproduction and control all types of Hoppers at all stages Longer Duration control : Minimum labor cost and investment with peace of mind Healthiest tillers : Green, Clean and strong tillers which support translocation of food to grains till maturity How it works? Valexio works by targeting nicotinic acetylcholine receptors essential for transmitting nerve signals in rice hoppers. By blocking these receptors, Valexio stops the neurotransmitter acetylcholine from sending signals.This disruption causes paralysis, preventing pests from feeding, reproducing and damaging crops. Valexio’s chemical structure resists being broken down by upregulated metabolic enzymes in resistant pest populations, allowing Valexio to maintain efficacy. Valexio physico-chemical properties enable plant systemicity, ensuring complete plant coverage, improved Rain fastness and longer residual activity, all in a flexible, easy-to-use application. Beyond powerful pest control, studies show that Valexio enhances plant health by increasing the plant’s photosynthesis rate resulting into green ,stronger and clean stems Product application information:RiceTarget Disease/PestDosage/Application rateWater Volume phi (days)When & How to applyBrown plant Hopper ( Nilaparvata Lugens) and white backed plant hopper ( Sogatella furcifera)60ml/acre200 L/acre37Apply at Booting stage Download Technical Specifications MSDS Label Storm® Storm® 0.005% BB,is most effective and powerful Second Generation, Anticoagulant Rodenticides (SGAR). • It’s nearly five times more powerful than other most popular Second-Generation Anticoagulant Rodenticides. • High quality, highly a Mibelya® Mibelya®, powered by Revysol active, is a modern solution that launched first time in India. With its dual mode of action, it is designed to exceed farmers' expectations in disease management and transform agriculture in the country. Facet® A true companion for tough to control Echinochloa species weeds Stomp® Stomp is an herbicide used in pre-emergence applications to control annual grasses and certain broadleaf weeds in crops like Soybean, Cotton, Wheat Polyram® Polyram is an ideal tank mix and spray program partner due to its versatile Mode of Action i.e. multisite action. Polyram has the very small particle size of WG formulation which: Basagran® Get rid of sedges and broad leaf weeds in your rice field with Basagran®, BASF's proven solution for tough weed problems. Seltima® Control rice blast and give your crop extra plant health benefits with this specially formulated fungicide from BASF. ‹› | Product Link: https://crop-protection.basf.in/en/insecticide/valexio"
Fertilizers & Crop Protection (PGR & Micronutrients),Lihocin®,Lihocin®,BASF India,India,BASF India PGR & Micronutrients product: Lihocin®. Formulated for high quality crop performance and protection.,Not specified on site,Better quality produce,Polyram® Polyram is an ideal tank mix and spray program partner due to its versatile Mode of Action i.e. multisite action. Polyram has the very small particle size of WG formulation which:,Fully registered & commercialised,₹280 per 250ml bottle,Distribution rights / Commercialised,"Active Ingredient/Technology: Lihocin® channelizes the plant growth in the desired direction at a particular period of time which results in more yield & better quality produce. Benefits of Lihocin More yield Better quality produce Product application information: Grapes When to Apply Dosage/Application rate Water Volume PHI 1st Spray 1000 ml/Ha 1000 l/Ha 91 2nd Spray 2000 ml/Ha 1000 l/Ha 91 3rd Spray 500 ml/Ha 1000 l/Ha 91 Cotton Hybrids & HYVs When to Apply Dosage/Application rate Water Volume PHI 40-80g/Ha 375-600 high volume and 125-187 low volume - Cotton Local When to Apply Dosage/Application rate Water Volume PHI 150g/Ha 375-600 high volume and 125-187 low volume Brinjal When to Apply Dosage/Application rate Water Volume PHI 100ppm 1ml/ 10 L water - Potato When to Apply Dosage/Application rate Water Volume PHI 200 ppm 2ml/ 10 L water - Downloads msds Melyra® Melyra®, powered by Revysol active, features a unique combination of Isopropanol-Azole and Strobilurin. It combines Mefentrifluconazole 200 g/l + Pyraclostrobin 200 g/l SC is a broad-spectrum fungicide. Inveris® Gold Inveris® Gold is an advanced crop protection solution for modern Indian vegetable farming. Powered by dual chemistries with dual modes of action, it delivers broad-spectrum control of sucking pests across key crops. Frivon® Frivon® is seaweed extract product containing Ascophyllum nodosum 22% (Liquid) Frivon® represents an innovative advancement in bio-stimulant fertilizer technology. Efficon Efficon® insecticide powered by Axalion Active has a novel mode of action and is the sole representative of a unique insecticidal class of chemistry, the Pyridazine pyrazolecarboxamides (or Pyridazine amides) Group 36 that targets sensory organs in piercing and sucking pests, including superior whitefly control. Pirate® Pirate® is a new solution with the unique mode of action that interferes with respiration by uncoupling oxidative phosphorylation, that has been classified by IRAC as the exclusive member in Group 13. Xelora® Xelora is systemic fungicide with a unique FS (Flowable concentrate for seed treatment) formulation made for seed treatment. It ensures ""Ek Sahi Shuruat"" Stomp Xtra® Stomp Xtra ( Pendimethalin 38.7 % CS) is a selective pre-emergence herbicide for use in Soybean, Cotton, Chilli, Onion, Groundnut, Mustard, Cumin crops to control susceptible annual grasses and broadleaf weeds as they germinate. Stomp® Stomp is an herbicide used in pre-emergence applications to control annual grasses and certain broadleaf weeds in crops like Soybean, Cotton, Wheat Acrobat® Acrobat is a systemic fungicide containing Dimethomorph.It is used for treating downy mildew and Late blight caused by organisms such as Pythium and Phytophthora species. Zampro ® For Late blight and Downy mildew many options are available but are those enough to protect your crop with quality benefits. Are we missing an essential piece. Presenting BASF Zampro an essential piece in your crop success. Most advanced fungicide to control critical diseases. Polyram® Polyram is an ideal tank mix and spray program partner due to its versatile Mode of Action i.e. multisite action. Polyram has the very small particle size of WG formulation which: Sercadis® Plus Give a powerful start to managing Powdery Mildew and broad spectrum control of other diseases with Sercadis® Plus, a brilliant combination of Xemium® and an acclaimed DMI chemistry. Acrobat® Complete Get to know Acrobat® Complete, BASF’s latest fungicide which is a unique, balanced blend of two most trusted potential actives, Dimethomorph and Metiram. Signum® Give “unmatched freshness” to your fruits with Signum®. Signum® with the combination of Boscalid (Worlds first SDHI chemistry) and F500, is the leading fungicide used in specialty crops for the control of a wide spectrum of diseases as well as for enhanced plant/fruit health. Basta® Since Basta® acts by contact action, it is safer to the crops as compared to other non-selective herbicides in directed spray. It exhibits better efficacy against certain hard-to-kill weed species which are not controlled by conventional products currently being used by growers. Acrisio® Acrisio® - The Powdery Mildew Specialist, is a novel chemistry with unique mode of action which provides comprehensive disease control. Priaxor® Priaxor® is powered by BASF’s new active ingredient Xemium®, which is the first of its kind technology that not only counters stress but also provides advanced disease control for commonly occurring diseases in Soybean, Groundnut, Cotton and Wheat. Sefina Sefina, powered by BASF's new active ingredient InscalisTM, is the first of its kind from a new chemical class - Pyropenes. Cabrio® Top Cabrio® Top improves the quality and yield of your crop with its superior disease control. With its advanced plant health benefits, it gives longer duration protection with lesser sprays. Merivon® Merivon® contains a unique combination of Xemium®, the latest fungicide innovation by BASF, and F-500, the #1 Plant Health Fungicide. ‹› | Product Link: https://crop-protection.basf.in/en/lihocin"
Fertilizers & Crop Protection (Rodenticides),Storm®,Storm®,BASF India,India,BASF India Rodenticides product: Storm®. Formulated for high quality crop performance and protection.,Not specified on site,"Rodenticides | Proven single-feed efficacy: Giving fast and reliable control in any situation. | Providing rapid control: Saves time and money in application. | Excellent palatability: Formulated as a cracked cereal grain block. Extremely palatable, low wax content, lesser bait shyness. | Highly durable and securable block: Extremely durable block, resisting both extreme temperatures, moisture and mould. Suitable for both indoor and outdoor us. | Fits perfectly into a pulse baiting strategy: Significantly reduces both the amount of bait needed and the time required for baiting, leading to total treatment cost savings. | Resistance management: Effective on all species, even against resistant strains. | Only a very small amount of Storm® 0.005% BB is needed to kill a rat or mouse, and a lethal dose can be consumed in a single feed. Rodents then die three to five days after taking the bait. With some other rodenticides, rodents die more than a week after taking the bait.","Only a very small amount of Storm® 0.005% BB is needed to kill a rat or mouse, and a lethal dose can be consumed in a single feed. Rodents then die three to five days after taking the bait. With some other rodenticides, rodents die more than a week after taking the bait.",Fully registered & commercialised,₹450 per 500ml bottle / pack,Distribution rights / Commercialised,"Active Ingredient/Technology: 005% BB,(Flocaumafen 0.005%) is most effective and powerful Second Generation, Anticoagulant Rodenticides (SAGR). It’s nearly five times more powerful than other most popular Second-Generation Anticoagulant Rodenticides Storm® 0.005% BB,is most effective and powerful Second Generation, Anticoagulant Rodenticides (SGAR). • It’s nearly five times more powerful than other most popular Second-Generation Anticoagulant Rodenticides. • High quality, highly attractive and palatable grain-based wax block baits are more readily accepted as a food source. (Highly palatable to rats but unattractive to human beings) • Single feed proven efficacy. (Requires only 1.3- 1.6 gm to kill Bandicota spp.) • Minimum dust blocks with active mold protection for extended efficacy under varying indoor and outdoor conditions. (Easy to use, durable wax block, Maximum value, least cost pulse baiting) • No bait shyness: Rats will never realize the kill is due to eating the rodenticide as they can not associate with it. Proven single-feed efficacy: Giving fast and reliable control in any situation. Providing rapid control: Saves time and money in application. Excellent palatability: Formulated as a cracked cereal grain block. Extremely palatable, low wax content, lesser bait shyness. Highly durable and securable block: Extremely durable block, resisting both extreme temperatures, moisture and mould. Suitable for both indoor and outdoor us. Fits perfectly into a pulse baiting strategy: Significantly reduces both the amount of bait needed and the time required for baiting, leading to total treatment cost savings. Resistance management: Effective on all species, even against resistant strains. Inquire about Storm® How it works?Storm® 0.005% BB contains a powerful second-generation anticoagulant rodenticide formulated with BASF Fortec™ Technology into a compressed cereal grain block, with an added fungicide to prevent mould in humid or damp conditions.Only a very small amount of Storm® 0.005% BB is needed to kill a rat or mouse, and a lethal dose can be consumed in a single feed. Rodents then die three to five days after taking the bait. With some other rodenticides, rodents die more than a week after taking the bait.Storm® 0.005% BB is a highly palatable and durable bait block that is quick and easy to use.When Storm® 0.005% BB is used for pulse baiting, its potency means that less bait is required to achieve control – even when baits are still placed in as many points as possible. That makes Storm® more economical than other rodenticides.PrebaitingNot requiredAntidoteVitamin K3Lethal dose to kill an adult rat1.3 to 1.9 gTime to effect after bait eaten3-4 daysTime to death after lethal amount of bait eaten3-7 days Product Application InformationWhen to Start Baiting : Begin baiting during the fallow period or before you transplant your crops. Keep baiting after transplanting until the plants start flowering (about 8 weeks). Stop baiting once the plants flower because rats will prefer the ripening grains over the bait.How to Apply Bait : Put 1 or 2 mini blocks of Storm® 0.005% BB where you see rat tracks, on bunds, or near rat holes. Space the bait blocks about 5 to 10 meters apart. Use local materials like bamboo, coconut shells, or pipe pieces as bait stations to hold the bait.How Much to Use : Use between 50 and 100 Storm® 0.005% BB for every hectare, depending on how many rats or burrows you see. Repeat baiting every 7 to 14 days until the rats are controlled. Replace any bait that has been eaten or damaged right away. Usually, 2 to 5 rounds of baiting with Storm are needed.Best Tips : Bait large areas at the same time for better results. Treat baiting as an important part of your rodent control plan.Rice, Soyabean and CoconutWhen to ApplyDosage/Application rateWater VolumePHIBegin baiting during the fallow period or before you transplant your crops.Use between 50 and 100 bait blocks for every hectare, depending on how many rats or burrows you see-- storm-msds.pdf storm-dfu-ctc-2025-purab.pdf storm_shipper_label-2025-open_text.pdf Melyra® Melyra®, powered by Revysol active, features a unique combination of Isopropanol-Azole and Strobilurin. It combines Mefentrifluconazole 200 g/l + Pyraclostrobin 200 g/l SC is a broad-spectrum fungicide. Frivon® Frivon® is seaweed extract product containing Ascophyllum nodosum 22% (Liquid) Frivon® represents an innovative advancement in bio-stimulant fertilizer technology. Mibelya® Mibelya®, powered by Revysol active, is a modern solution that launched first time in India. With its dual mode of action, it is designed to exceed farmers' expectations in disease management and transform agriculture in the country. Valexio® Valexio® is a cutting-edge insecticide for rice hoppers that provides outstanding efficacy and long-lasting residual control, fortifying the plant for a bountiful harvest. Imunit® Imunit® is combination of Teflubenzuron and Alphacypermethrin (Teflubenzuron 75 G/L + Alphacypermethrin 75 G/L SC). Facet® A true companion for tough to control Echinochloa species weeds Exponus® Exponus® insecticide is a powerful, quick, and versatile insecticide for farmers who want the top performing pest control tool. It is a new mode of action targeted to control even the toughest chewing pests, certain thrips & leaf miner Xelora® Xelora is systemic fungicide with a unique FS (Flowable concentrate for seed treatment) formulation made for seed treatment. It ensures ""Ek Sahi Shuruat"" Stomp Xtra® Stomp Xtra ( Pendimethalin 38.7 % CS) is a selective pre-emergence herbicide for use in Soybean, Cotton, Chilli, Onion, Groundnut, Mustard, Cumin crops to control susceptible annual grasses and broadleaf weeds as they germinate. Stomp® Stomp is an herbicide used in pre-emergence applications to control annual grasses and certain broadleaf weeds in crops like Soybean, Cotton, Wheat Valor 32 Valor 32 is a herbicide for pre-emergence applications to control annual grasses and certain broadleaf weeds for managing the weed flora in Soybean. It is a mixture of two active ingredients: Imazethapyr and Pendimethalin. Pursuit® Pursuit® is a well-known herbicide which ensures effective control of grasses and broad leaved weeds in Soybean, Ground nut, Black gram, Green gram and Red gram. Recommended to be applied as early post emergence when weeds are at 1-2 leaf stage. Odyssey® Odyssey is an early post-emergence herbicide which gives good control against broad leaved weeds and grasses in Soybean, Groundnut, Cluster bean and Red gram with Broad spectrum action and Faster control of weeds Polyram® Polyram is an ideal tank mix and spray program partner due to its versatile Mode of Action i.e. multisite action. Polyram has the very small particle size of WG formulation which: Basagran® Get rid of sedges and broad leaf weeds in your rice field with Basagran®, BASF's proven solution for tough weed problems. Seltima® Control rice blast and give your crop extra plant health benefits with this specially formulated fungicide from BASF. Priaxor® Priaxor® is powered by BASF’s new active ingredient Xemium®, which is the first of its kind technology that not only counters stress but also provides advanced disease control for commonly occurring diseases in Soybean, Groundnut, Cotton and Wheat. ‹› | Product Link: https://crop-protection.basf.in/en/rodenticides/storm"
Fertilizers & Crop Protection (Seedcare / Seed Treatment),Celest Top,Celest Top,Syngenta India,India,"Celest Top is a premium broad-spectrum seed treatment fungicide and insecticide combination. It provides comprehensive early-season crop protection for wheat, barley, and other cereal crops against seed-borne and soil-borne diseases such as smut, bunt, head smut, and early sucking/chewing insects. By protecting young seedlings right from germination, it ensures uniform crop establishment, stronger root architecture, and higher plant population.","Wheat, Barley, Cereals, Maize",Complete 3-in-1 protection against fungi and early insect attack | Promotes strong root establishment and early crop vigor | Ensures optimal seedling emergence and higher plant stand | Provides long-lasting protection during critical early growth stages | Reduces requirement for early foliar chemical sprays,Seed Treatment / Seed Dressing prior to sowing,Fully registered & commercialised,₹720 per 100ml bottle,Distribution rights / Commercialised,Active Ingredient/Technology: Difenoconazole + Fludioxonil + Thiamethoxam | Product Link: https://www.syngenta.co.in/crop-protection/seedcare
Fertilizers & Crop Protection (Seedcare / Seed Treatment Insecticide),Cruiser 350 FS,Cruiser 350 FS,Syngenta India,India,"Cruiser 350 FS is a systemic seed treatment insecticide powered by Thiamethoxam technology. It protects germinating seeds and young seedlings from damaging early-season sucking pests including aphids, thrips, jassids, whiteflies, and soil pests like wireworms and white grubs. In addition to pest control, Cruiser exhibits the Vigor Effect, which stimulates plant physiological processes resulting in faster germination, enhanced root growth, thicker stems, and greener leaves.","Cotton, Okra, Sunflower, Maize, Sorghum, Wheat, Soybean",Provides robust early season protection against sucking and chewing pests | Vigor Effect promotes faster germination and deeper root systems | Protects young plants against viral diseases transmitted by sucking vector insects | Increases crop resilience against abiotic moisture and thermal stress | Easy to apply flowable concentrate formulation for uniform seed coverage,Seed Treatment / Seed Dressing prior to sowing,Fully registered & commercialised,₹650 per 100ml bottle,Distribution rights / Commercialised,Active Ingredient/Technology: Thiamethoxam 30% FS / 35% FS | Product Link: https://www.syngenta.co.in/crop-protection/seedcare
Fertilizers & Crop Protection (Seedcare / Seed Treatment Fungicide),Vibrance Duo,Vibrance Duo,Syngenta India,India,"Vibrance Duo is an advanced seed treatment fungicide featuring Sedaxane, a novel SDHI fungicide specifically designed for seed treatment, paired with Fludioxonil. It delivers Rooting Power technology that promotes healthier, stronger, and more extensive root systems. It offers unmatched protection against Rhizoctonia root rot, Pythium damp-off, Fusarium, and Loose Smut in wheat, barley, and pulses.","Wheat, Barley, Potato, Pulses, Soybean","Rooting Power technology delivers deeper, denser root growth for efficient nutrient uptake | Broad-spectrum control of Rhizoctonia, Fusarium, and smut diseases | Enhances plant tolerance to drought and nutrient stress | Ensures consistent crop stand even under unfavorable seedbed conditions | Safe on seed germination and compatible with key crop management inputs",Seed Treatment / Seed Dressing prior to sowing,Fully registered & commercialised,₹890 per 100ml bottle,Distribution rights / Commercialised,Active Ingredient/Technology: Sedaxane + Fludioxonil | Product Link: https://www.syngenta.co.in/crop-protection/seedcare
Fertilizers & Crop Protection (Seedcare / Seed Treatment Insecticide),Fortenza Duo,Fortenza Duo,Syngenta India,India,"Fortenza Duo is a next-generation systemic seed treatment insecticide combining Cyantraniliprole (a diamide) and Thiamethoxam. It provides long-lasting protection against aggressive early-season pests like Fall Armyworm (Spodoptera frugiperda), cutworms, wireworms, and early sucking insects in corn, soybean, and cotton. Fortenza Duo safeguards the growing point of young plants, ensuring healthy early crop development.","Corn, Maize, Cotton, Soybean",Superior control of destructive Fall Armyworm and cutworms right from emergence | Dual active ingredients deliver systemic protection to both roots and foliage | Protects plant density and initial crop yield potential | Reduces early season foliar sprays and labor costs | Complements integrated pest management programs,Seed Treatment / Seed Dressing prior to sowing,Fully registered & commercialised,"₹1,100 per 100ml bottle",Distribution rights / Commercialised,Active Ingredient/Technology: Cyantraniliprole + Thiamethoxam | Product Link: https://www.syngenta.co.in/crop-protection/seedcare
Fertilizers & Crop Protection (Fungicide),Amistar Top,Amistar Top,Syngenta India,India,"Amistar Top is a premier broad-spectrum systemic fungicide combining Strobilurin chemistry (Azoxystrobin) and Triazole chemistry (Difenoconazole). It delivers preventive, systemic, and curative control of major fungal diseases such as blast, sheath blight, powdery mildew, anthracnose, and leaf spots across cereal, vegetable, and fruit crops. In addition to disease control, Amistar Top exhibits greening physiological effects that prolong leaf greenness and increase photosynthesis, resulting in superior grain quality and higher market yields.","Paddy / Rice, Cotton, Chilli, Tomato, Maize, Wheat","Dual action chemistry provides preventive, curative, and eradicative disease control | Longer duration of control compared to single-active fungicides | Physiological physiological greening effect enhances leaf health and grain filling | Improves crop yield potential and market value of produce | Rainfast formulation within hours of application",Soil Application / Broadcasting at root zone,Fully registered & commercialised,"₹1,050 per 200ml bottle",Distribution rights / Commercialised,Active Ingredient/Technology: Azoxystrobin 18.2% + Difenoconazole 11.4% SC | Product Link: https://www.syngenta.co.in/products/amistar-top
Fertilizers & Crop Protection (Insecticide),Ampligo,Ampligo,Syngenta India,India,"Ampligo is a broad-spectrum combination insecticide formulated with ZC (capsule suspension) technology. It pairs Chlorantraniliprole (bisamide) with Lambda-cyhalothrin (pyrethroid) to provide immediate knockdown and persistent residual control of lepidopteran caterpillars, stem borers, leaf folders, fruit borers, and bollworms. The micro-encapsulated formulation ensures controlled release and weather-resistant performance.","Rice, Cotton, Soybean, Maize, Vegetables, Pulses","Dual modes of action deliver rapid knockdown and long-lasting pest control | Unique micro-encapsulation ZC technology provides superior rainfastness and UV stability | Controls all destructive insect stages including eggs, larvae, and adults | Protects critical vegetative and reproductive plant structures | Reduces the number of insecticidal applications required per season",Foliar Spray application using knapsack / power sprayer with floodjet nozzle,Fully registered & commercialised,"₹, per stem borers",Distribution rights / Commercialised,Active Ingredient/Technology: Chlorantraniliprole 10% + Lambdacyhalothrin 5% ZC | Product Link: https://www.syngenta.co.in/products/ampligo
Fertilizers & Crop Protection (Insecticide),Simodis,Simodis,Syngenta India,India,"Simodis is an innovative insecticide powered by PLINAZOLIN technology (Isocycloseram). It introduces a novel class of chemistry (Group 30) designed to conquer resistant pests such as thrips, mites, diamondback moths, and caterpillars. Simodis offers rapid feeding cessation and extended residual control, maintaining crop health under heavy pest pressure.","Cotton, Chilli, Cabbage, Brinjal, Onion, Tomato",Breaks insecticide resistance against conventional chemical classes | Long residual protection reduces re-infestation risks | High efficacy on difficult-to-control thrips and mites in horticultural crops | Rainfast within 1-2 hours of application,Soil Application / Broadcasting at root zone,Fully registered & commercialised,"₹1,250 per 100ml bottle",Distribution rights / Commercialised,Active Ingredient/Technology: Isocycloseram 9.2% w/w DC (PLINAZOLIN technology) | Product Link: https://www.syngenta.co.in/products/simodis
Fertilizers & Crop Protection (Insecticide),Virtako,Virtako,Syngenta India,India,"Virtako is a granular systemic insecticide engineered for soil/root zone application in paddy and sugarcane. It combines Chlorantraniliprole and Thiamethoxam in a convenient granular matrix. Virtako is absorbed by plant roots and translocated throughout the plant canopy, defending paddy crops against stem borer and leaf folder, and sugarcane crops against early shoot borer and top borer.","Paddy / Rice, Sugarcane",Convenient root-zone granular application with no spraying required | Systemic root uptake protects new vegetative growth continuously | Long duration control of stem borers and leaf folders for up to 30 days | Promotes tillering and healthy crop stand in paddy | Safe for natural predators and beneficial soil organisms when used as directed,Soil Application / Broadcasting at root zone,Fully registered & commercialised,₹920 per 4kg pack,Distribution rights / Commercialised,Active Ingredient/Technology: Chlorantraniliprole 0.5% + Thiamethoxam 1% GR | Product Link: https://www.syngenta.co.in/products/virtako
Fertilizers & Crop Protection (Insecticide),Alika,Alika,Syngenta India,India,"Alika is a high-performance combination insecticide containing Thiamethoxam and Lambda-cyhalothrin formulated with ZC technology. It provides a dual action against both sucking insects (aphids, whiteflies, jassids) and chewing caterpillars (bollworms, fruit borers). Alika delivers rapid knockdown of adult insects and persistent systemic control of hidden nymphs.","Cotton, Maize, Groundnut, Chilli, Tomato, Tea",One-shot solution for both sucking pests and chewing caterpillars | ZC formulation prevents wash-off during early monsoon rains | Prevents secondary pest outbreaks by controlling multiple insect species simultaneously | Increases fruit retention and crop quality,Foliar Spray application using knapsack / power sprayer with floodjet nozzle,Fully registered & commercialised,₹380 per 80ml bottle,Distribution rights / Commercialised,Active Ingredient/Technology: Thiamethoxam 12.6% + Lambda-cyhalothrin 9.5% ZC | Product Link: https://www.syngenta.co.in/products/alika
Fertilizers & Crop Protection (Fungicide),Ridomil Gold,Ridomil Gold,Syngenta India,India,Syngenta India product: Ridomil Gold.,"Potato, Grapes, Tobacco, Mustard, Vegetables","Gold standard systemic control of Late Blight in potato and Downy Mildew in grapes | Dual action protects internal plant tissues and exterior leaf surfaces | Rapid tissue penetration provides rainfast protection within 30 minutes | Prevents disease spread during cold, humid, and rainy weather conditions | Improves tuber size and storage quality in potato crops",Soil Application / Broadcasting at root zone,Fully registered & commercialised,₹980 per 500g pack,Distribution rights / Commercialised,Active Ingredient/Technology: Metalaxyl-M 4% + Mancozeb 64% WP | Product Link: https://www.syngenta.co.in/products/ridomil-gold
Fertilizers & Crop Protection (Biologicals / Biostimulant),Isabion,Isabion,Syngenta India,India,"Isabion is a world-class biostimulant formulated with 62.5% natural amino acids and peptides derived from enzymatic hydrolysis. Isabion optimizes plant metabolism, increases nutrient absorption, improves pollen fertility, enhances flower and fruit retention, and helps crops overcome abiotic stress conditions such as drought, high temperatures, cold spells, and salinity.","All Agricultural & Horticultural Crops, Paddy, Cotton, Grapes, Tomato, Mango","Natural amino acid biostimulant boosts plant metabolism and energy efficiency | Enhances flowering, fruit set, and reduces flower dropping | Improves crop recovery from drought, heat, and cold weather stress | Increases nutrient uptake efficiency from soil and foliar fertilizers | Enhances fruit size, color, shine, and post-harvest shelf life","Seed Treatment (10 ml/kg seed), Soil Application (1 L/acre), or Drip Fertigation",Fully registered & commercialised,₹180 per 1L bottle,Distribution rights / Commercialised,Active Ingredient/Technology: Natural Amino Acids and Peptides (62.5%) | Product Link: https://www.syngenta.co.in/products/isabion
Fertilizers & Crop Protection (Herbicide),Axial,Axial,Syngenta India,India,"Axial is a post-emergence selective herbicide containing Pinoxaden with a built-in safener (Cloquintocet-mexyl). It specifically controls stubborn grassy weeds such as Phalaris minor (Gulli Danda) and Avena ludoviciana (Wild Oats) in wheat and barley crops. Axial is absorbed through weed foliage and translocated to growing points, stopping weed growth within 48 hours.","Wheat, Barley",Selective control of Phalaris minor and wild oats in wheat | Built-in safener ensures maximum crop safety for wheat plants | Wide application window from 2 to 6 leaf stage of grassy weeds | Rainfast within 1 hour of application | No carryover residue impact on subsequent rotation crops,Soil Application / Broadcasting at root zone,Fully registered & commercialised,₹850 per 400ml bottle,Distribution rights / Commercialised,Active Ingredient/Technology: Pinoxaden 5.1% EC | Product Link: https://www.syngenta.co.in/products/axial
Fertilizers & Crop Protection (Herbicide),Calaris Xtra,Calaris Xtra,Syngenta India,India,"Calaris Xtra is a pre and early post-emergence selective herbicide for corn/maize combining Mesotrione and Atrazine. It offers broad-spectrum weed control against major broadleaf weeds and annual grasses in maize and sugarcane fields. Calaris Xtra prevents weed competition during critical early crop growth stages, maximizing kernel formation and grain yield.","Maize / Corn, Sugarcane",Broad-spectrum control of both broadleaf weeds and annual grasses in maize | Systemic action through both foliage and root absorption | Eliminates weed competition during early crop establishment | Promotes clean corn fields for efficient harvesting | Highly safe for maize crop when applied at recommended dose,Soil Application / Broadcasting at root zone,Fully registered & commercialised,"₹1,150 per 1L bottle",Distribution rights / Commercialised,Active Ingredient/Technology: Mesotrione 2.27% + Atrazine 22.7% SC | Product Link: https://www.syngenta.co.in/products/calaris-xtra
Fertilizers & Crop Protection (Fungicide),Blue Copper,Blue Copper,Syngenta India,India,"Blue Copper is a trusted protectant copper-based fungicide and bactericide containing Copper Oxychloride 50% WP. It forms a protective barrier on plant surfaces that prevents fungal spore germination and bacterial cell division. It is used extensively to control downy mildew, leaf spots, fruit rot, blights, and citrus canker across agricultural and horticultural crops.","Paddy, Potato, Tea, Coffee, Citrus, Cardamom, Pomegranate","Protects crops against bacterial leaf blight, canker, and fungal rots | Fine particle size ensures excellent spray coverage and adhesion to leaf surface | Essential component in resistance management spray programs | Cost-effective disease control for fruits, plantation, and field crops",Soil Application / Broadcasting at root zone,Fully registered & commercialised,₹380 per 500g pack,Distribution rights / Commercialised,Active Ingredient/Technology: Copper Oxychloride 50% WP | Product Link: https://www.syngenta.co.in/products/blue-copper
Fertilizers & Crop Protection (Insecticide),Chess,Chess,Syngenta India,India,Syngenta India product: Chess.,"Paddy / Rice, Cotton",Unique anti-feedant mode of action stops plant sap sucking immediately | Targeted control of destructive Brown Plant Hopper (BPH) in rice | Excellent translaminar activity protects lower leaf sheaths and dense canopies | Highly selective and safe for beneficial predatory spiders and mirid bugs | Prevents hopper burn damage and secures rice grain yield,Soil Application / Broadcasting at root zone,Fully registered & commercialised,₹890 per 250g pack,Distribution rights / Commercialised,Active Ingredient/Technology: Pymetrozine 50% WG | Product Link: https://www.syngenta.co.in/products/chess
Fertilizers & Crop Protection (Fungicide),Acerbo,Acerbo,Bayer CropScience India,India,Bayer CropScience India Fungicide product: Acerbo. Formulated for high quality crop performance and protection.,Not specified on site,"Acerbo is a broad-spectrum fungicide that contains two active compounds: fluopyram and trifloxystrobin. The combination provides exceptional control over a wide range of diseases in chillies, onions, and rice across diverse climatic conditions. | Sheath Blight | Powdery Mildew | Anthracnose/Die back/ Fruit Rot | Purple Blotch | Acerbo contains two active compounds, namely fluopyram and trifloxystrobin. Both compounds have broad-spectrum fungicidal activity. Fluopyram acts by blocking electron transport in the mitochondrial respiratory chain. It inhibits key processes like spore germination and mycelium growth. | Trifloxystrobin acts mesostemically with unique chemo-dynamic properties that inhibit the quinone outside (Qol) cytochrome binding site. It is well-absorbed by a plant’s waxy layers, providing excellent preventive activity on surfaces. Trifloxystrobin also penetrates plant tissues, demonstrating translaminar activity. | Excellent synergy between two mode of actions gives excellent efficacy, persistence, and plant physiological effects ""beyond efficacy"".","Trifloxystrobin acts mesostemically with unique chemo-dynamic properties that inhibit the quinone outside (Qol) cytochrome binding site. It is well-absorbed by a plant’s waxy layers, providing excellent preventive activity on surfaces. Trifloxystrobin also penetrates plant tissues, demonstrating translaminar activity.",Fully registered & commercialised,₹650 per 250ml bottle,Distribution rights / Commercialised,Product Link: https://www.bayercropscience.in/protect-crops/fungicides/acerbo
Fertilizers & Crop Protection (Fungicide),Xivana Smart,Xivana Smart,Bayer CropScience India,India,Bayer CropScience India Fungicide product: Xivana Smart. Formulated for high quality crop performance and protection.,Not specified on site,"1. Fluoxapiprolin (FXN) as active in Xivana smart® is a new mode of action that is an OSBPI (Oxystyrol binding protein inhibitor) with protective and some curative activity. | 2. Highest efficacy outperforming all established market standards. | 3. Acting on all stages of the pathogen’s life cycle on existing plant parts. | 4. Longer duration of control compared to current market standards allows longer spray intervals and flexible programs. Longer lasting efficacy (10 – 15 days), also under rainy conditions. | 5. Excellent safety profile for pollinators and beneficial insects when used as directed. | Downy Mildew | Late Blight | Downy mildew",Foliar spray application at first appearance of disease symptoms (1.0-1.5 ml/L water).,Fully registered & commercialised,₹650 per 250ml bottle,Distribution rights / Commercialised,"Active Ingredient/Technology: FungicidesXivana SmartPack Sizes50 ml, 100 ml, 250 ml, 500 ml and 1 l.Product DetailsDescription1. Fluoxapiprolin (FXN) as active in Xivana smart® is a new mode of action that is an OSBPI (Oxystyrol binding protein inhibitor) with protective and some curative activity.2. Highest efficacy outperforming all established market standards. 3. Acting on all stages of the pathogen’s life cycle on existing plant parts. 4. Longer duration of control compared to current market standards allows longer spray intervals and flexible programs. Longer lasting efficacy (10 – 15 days), also under rainy conditions.5. Excellent safety profile for pollinators and beneficial insects when used as directed. Protects AgainstDowny Mildew Late Blight Downy mildewMode of ActionFluoxapiprolin- Isoxazolines (Piperidinyl-thiazole-isoxazolines)Fluopicolide - AcylpicolideKey BenefitsSome of the benefits include:Best in class efficacy.Acts on all stages of pathogen.Protects plant as well as new shoots.High rain fastness.Flexibility in spray program.New active ingredient and mode of action.Low dose active ingredient.Mixture of two powerful active ingredients excellent safety profile. | Product Link: https://www.bayercropscience.in/protect-crops/fungicides/xivana-smart"
Fertilizers & Crop Protection (Seed Growth),EMESTO® PRIME,EMESTO® PRIME,Bayer CropScience India,India,Bayer CropScience India Seed Growth product: EMESTO® PRIME. Formulated for high quality crop performance and protection.,Not specified on site,"Black Scurf and Stem Canker | Emesto® Prime, through its active ingredient penflufen, kills fungi by inhibiting the enzyme succinate dehydrogenase. This enzyme is essential for their breathing process in the mitochondria. | Penflufen spreads evenly on potato tubers and the soil surrounding them, protecting young sprouts and growing tubers. It flows through the plant’s vessels, providing protection from the inside out, making it a robust solution for potato crops.",Apply as recommended on product packaging.,Fully registered & commercialised,₹450 per 500ml bottle / pack,Distribution rights / Commercialised,"Active Ingredient/Technology: Seed GrowthEMESTO® PRIMEPack Sizes100ml, 250ml, 500ml, 1LRecommended ForPotatoProduct DetailsDescriptionHeavy and good-looking potatoes are important for potato farmers in India so that they can fetch a high price for their yield and earn more income. Bayer’s Emesto® Prime is a unique solution containing penflufen, developed to protect potatoes from black scurf and ensure they have clean, shining skin and are all the same size.Protects AgainstBlack Scurf and Stem CankerMode of ActionEmesto® Prime, through its active ingredient penflufen, kills fungi by inhibiting the enzyme succinate dehydrogenase. This enzyme is essential for their breathing process in the mitochondria. Penflufen spreads evenly on potato tubers and the soil surrounding them, protecting young sprouts and growing tubers. It flows through the plant’s vessels, providing protection from the inside out, making it a robust solution for potato crops. | Product Link: https://www.bayercropscience.in/protect-crops/seed-growth/emesto-prime"
Fertilizers & Crop Protection (Insecticide),Admire®,Admire®,Bayer CropScience India,India,Bayer CropScience India Insecticide product: Admire®. Formulated for high quality crop performance and protection.,Not specified on site,"Insects can destroy your crops and significantly reduce your farm’s output. With the right kind of insecticides (keetanashak dawai), every farmer can improve the quality of their crop, generate higher yields, and grow their agricultural income. | Brown Plant Hopper | White Backed Plant Hopper | Admire contains Imidacloprid, which disturbs the proper signal transmission system in the central nervous system of insects, leading to excitation of the nerve cell. | This causes nervous system disorder, and eventually the death of the treated insect. | Manufactured with the latest German technology of water-dispersible granule formulation better solubility, better absorption by the plants, better efficacy. | Works at a small dose and gives excellent control and longer protection against most sucking pests. | Granule formulation helps in ease of handling and measuring the dose. No residues hence no abrasion to pump-nozzle, constant agitation, and priming of the sprayer is not required.","Insects can destroy your crops and significantly reduce your farm’s output. With the right kind of insecticides (keetanashak dawai), every farmer can improve the quality of their crop, generate higher yields, and grow their agricultural income.",Fully registered & commercialised,₹380 per 100g pack,Distribution rights / Commercialised,Product Link: https://www.bayercropscience.in/protect-crops/insecticides/admire
Fertilizers & Crop Protection (Fungicide),Aliette®,Aliette®,Bayer CropScience India,India,Bayer CropScience India Fungicide product: Aliette®. Formulated for high quality crop performance and protection.,Not specified on site,"Aliette is a systemic fungicide that provides immunity against Oomycetes fungi, such as downy mildew diseases in grapes, damping off of young plants in cardamom and tomato, as well as azhukal disease in cardamom. Despite being widely utilized since 1978, there are no reported instances of fungi developing resistance to Aliette. | Downy Mildew | Azhukal disease/Capsule rot / Fruit rot | Damping Off/Rhizome Rot | Damping Off | The fungicide quickly enters plants through their leaves or roots and moves both upward (acropetally) and downward (basipetally) within the plant. For grape plants, it’s best to spray Aliette before the disease starts to get the maximum benefits. In grapes, spray it when the crop reaches the 3 to 5 leaf stage after pruning. | For cardamom, apply the foliar spray when the disease is first noticed. When dealing with tomatoes, make the first application by drenching, seven days after the seedlings emerge, and then apply the second drenching 14 days (about two weeks) after the first one. | Aliette has a complex mode of action, there have been no confirmed cases of fungal resistance development to this fungicide under practical use conditions, despite the intensive use of this active ingredient since its introduction in 1978.",Recommended for use in integrated resistance management.,Fully registered & commercialised,₹420 per 250g pack,Distribution rights / Commercialised,"Active Ingredient/Technology: FungicidesAliette®Pack Sizes100 g, 250g, 500 g, 1 kgRecommended ForCardamomGrapes+1 MoreProduct DetailsDescriptionAliette is a systemic fungicide that provides immunity against Oomycetes fungi, such as downy mildew diseases in grapes, damping off of young plants in cardamom and tomato, as well as azhukal disease in cardamom. Despite being widely utilized since 1978, there are no reported instances of fungi developing resistance to Aliette.Protects AgainstDowny Mildew Azhukal disease/Capsule rot / Fruit rot Damping Off/Rhizome Rot Damping OffMode of ActionThe fungicide quickly enters plants through their leaves or roots and moves both upward (acropetally) and downward (basipetally) within the plant. For grape plants, it’s best to spray Aliette before the disease starts to get the maximum benefits. In grapes, spray it when the crop reaches the 3 to 5 leaf stage after pruning. For cardamom, apply the foliar spray when the disease is first noticed. When dealing with tomatoes, make the first application by drenching, seven days after the seedlings emerge, and then apply the second drenching 14 days (about two weeks) after the first one. Key BenefitsSome of the benefits include:Aliette has a complex mode of action, there have been no confirmed cases of fungal resistance development to this fungicide under practical use conditions, despite the intensive use of this active ingredient since its introduction in 1978.Aliette is effective principally against Phycomycetes fungi of the Oomycete family, notably Phytophthora, Pythium, Bremia, and Peronospora.Aliette is a true systemic fungicide, which is rapidly absorbed by the plant root or leaves and is translocated in both upward and downward directions, particularly to the growing parts.Rapid absorption ensures the rain fastness.Recommended for use in integrated resistance management.Verify Bayer products and win rewards!Download the Bayer Farmrise App Today!Need Help?Contact our Hello Bayer support for all your queriesToll Free Help Desk1800-120-4049 | Product Link: https://www.bayercropscience.in/protect-crops/fungicides/aliette"
Fertilizers & Crop Protection (Insecticide),Glamore®,Glamore®,Bayer CropScience India,India,Bayer CropScience India Insecticide product: Glamore®. Formulated for high quality crop performance and protection.,Not specified on site,"Glamore contains a combination of imidacloprid and ethiprole. Its dual mode of action effectively controls the pest affecting rice crops while addressing the issue of tolerance. | Brown Plant Hopper | White Backed Plant Hopper | Ethiprole in Glamore acts on the nervous system of the insect by regulating the chloride channel. It has a high level of selective toxicity, so cross–resistance is not likely. | Similarly, imidacloprid in Glamore, an antagonist to the nicotinic acetylcholine receptor, disrupts the signal transmission in the nervous system of the insect, leading to nerve cell excitation and, ultimately, the death of the treated insect. | Best fit in resistance management. The absence of cross-resistance to other products used for hopper control makes Glamore a valuable tool for rice brown planthopper and white-backed planthopper management. | The combination of two modes of action gives very effective control. | Effective broad-spectrum hopper control avoids the development of hopper burn.",Foliar spray / root zone drenching upon pest threshold observation.,Fully registered & commercialised,₹580 per 250ml bottle,Distribution rights / Commercialised,Product Link: https://www.bayercropscience.in/protect-crops/insecticides/glamore
Fertilizers & Crop Protection (Fungicide),Luna® EXPERIENCE,Luna® EXPERIENCE,Bayer CropScience India,India,Bayer CropScience India Fungicide product: Luna® EXPERIENCE. Formulated for high quality crop performance and protection.,Not specified on site,"Anthracnose | Powdery Mildew | Anthracnose/Die back/ Fruit Rot | Leaf spots and blight | Fruit Rot/Anthracnose | Premature leaf fall/ Blotch/ Marssonina leaf blight | Luna Experience is a combination of fluopyram and tebuconazole and offers two different modes of action. Fluopyram is a succinate dehydrogenase inhibitor (SDHI). It blocks the energy production of fungus by breaking the respiration chain in the mitochondria of the fungus cell. | Tebuconazole is a demethylation inhibitor (DMI). It interferes in the process of building the structure of the fungal cell wall, preventing reproduction and further growth of the fungus.","Beyond Efficacy – Multiple trials demonstrate that timely disease protection by Luna can lead to extended vitality and higher marketability of the produce, thus benefitting the entire food chain.",Fully registered & commercialised,"₹1,350 per 100ml bottle",Distribution rights / Commercialised,Product Link: https://www.bayercropscience.in/protect-crops/fungicides/luna-experience
Fertilizers & Crop Protection (Insecticide),ALANTO®,ALANTO®,Bayer CropScience India,India,Bayer CropScience India Insecticide product: ALANTO® . Formulated for high quality crop performance and protection.,Not specified on site,"Rice Stem Borer | Shoot and Fruit Borer | Girdle beetle | Tea Mosquito Bug | Thiacloprid works against insects by disrupting their central nervous system. It acts like an opponent to a specific receptor in their nerves, causing a disturbance in the usual way signals are transmitted. | This leads to the overexcitement of nerve cells and ultimately results in a disorder in the insect’s nervous system, leading to its death. | Due to its relative stability to rainwater and sunlight, Alanto remains on the leaf's surface after application for a considerable time, thus allowing a continuous penetration of the active ingredient into the leaf. | Alanto covers a broad range of targeted pests, viz., aphids, whiteflies, weevils, thrips, and lepidopterans.","Alanto shows a low acute mammalian toxicity, due to relatively low rates of application, excellent plant compatibility, and a favorable eco-toxicological profile.",Fully registered & commercialised,₹580 per 250ml bottle,Distribution rights / Commercialised,"Active Ingredient/Technology: InsecticidesALANTO® Pack Sizes100 ml, 250 ml, 500 ml, 1 LitreRecommended ForRiceCotton+5 MoreProduct DetailsDescriptionAlanto Bayer is a special insecticide to help farmers deal with pests that harm plants by sucking or chewing. It’s a great monsoon crop protection product, particularly effective for challenging pests in vegetables like brinjal and tea. The best part is, it‘s safe for both the crops and the people using it. Alanto has shown it can improve the growth of flowers and fruits in horticulture crops.Protects AgainstWhitefly Rice Stem Borer Thrips Shoot and Fruit Borer Girdle beetle Tea Mosquito BugMode of ActionThiacloprid works against insects by disrupting their central nervous system. It acts like an opponent to a specific receptor in their nerves, causing a disturbance in the usual way signals are transmitted.This leads to the overexcitement of nerve cells and ultimately results in a disorder in the insect’s nervous system, leading to its death.Key BenefitsSome of the benefits include:Due to its relative stability to rainwater and sunlight, Alanto remains on the leaf's surface after application for a considerable time, thus allowing a continuous penetration of the active ingredient into the leaf.It acts as an acute contact and stomach poison, exhibits systemic activity added with translaminar activity and residual effect.Alanto covers a broad range of targeted pests, viz., aphids, whiteflies, weevils, thrips, and lepidopterans.No cross-resistance to conventional insecticides, with fast degradation in the environment.Alanto shows a low acute mammalian toxicity, due to relatively low rates of application, excellent plant compatibility, and a favorable eco-toxicological profile. CautionDo not use on crops during active bee foraging period of the day.Verify Bayer products and win rewards!Download the Bayer Farmrise App Today!Need Help?Contact our Hello Bayer support for all your queriesToll Free Help Desk1800-120-4049 | Product Link: https://www.bayercropscience.in/protect-crops/insecticides/alanto"
Fertilizers & Crop Protection (Insecticide),MOVENTO®,MOVENTO®,Bayer CropScience India,India,Bayer CropScience India Insecticide product: MOVENTO® . Formulated for high quality crop performance and protection.,Not specified on site,"Movento contains spirotetramat that helps in effective control over difficult-to-kill insects. It is perfect for crops like cotton, grapes, okra, and chillies. Movento has long-lasting efficacy and is extremely safe to use. | The active compound in Movento, spirotetramat, is a new keto-enol and acts through lipid biosynthesis inhibition. It has long-term efficacy against the developmental stages of multiple sucking pests. | Its unique 2–way systemicity enables it to move both upwards and downwards to ensure complete protection of all parts of the plant from pests. | 2-way systemic insecticide: It offers a truly unique two-way systemic control, moving both upward and downward within the plant system to control even hidden pests wherever they live and feed. | Long-Lasting Efficacy: Movento offers excellent long-term suppression of pest populations which results in crop increased crop vigour and increased yield. | Excellent safety profile: Movento has an excellent safety profile making it suitable for incorporation in different IPM-based spray schedules. | Wear personal protective equipment. Unprotected persons must be kept away. | For eye protection, use safety glasses (goggles).","Avoid contact with skin, eyes, and clothing. Keep working clothes separately.",Fully registered & commercialised,₹750 per 100ml bottle,Distribution rights / Commercialised,Product Link: https://www.bayercropscience.in/protect-crops/insecticides/movento
Fertilizers & Crop Protection (Fungicide),NATIVO®,NATIVO®,Bayer CropScience India,India,Bayer CropScience India Fungicide product: NATIVO®. Formulated for high quality crop performance and protection.,Not specified on site,"Nativo fungicide is a new kind of plant protector containing tebuconazole (50%) and trifloxystrobin [25%) WG. It helps crops like rice, tomatoes, mangoes, and wheat stay healthy and produce better quality plants and higher yields. Think of it as a shield against diseases, making sure your plants grow strong and give you the best results. For rice, it reduces dirty panicles, and for tomatoes, it fights early blight and helps the plants grow better. In mangoes, it manages powdery mildew and anthracnose, ensuring a high-quality harvest. Even in wheat, Nativo protects against yellow rust and powdery mildew, making the grains better in quality and quantity. | Sheath Blight | Dirty Panicle or Grain discoloration | Narrow brown leaf spot | Early Blight | Powdery Mildew | Alternaria Leaf Spot/ Blight | Anthracnose/Die back/ Fruit Rot",Demonstrates mesostemic action (good penetration and re-distribution).,Fully registered & commercialised,₹820 per 100g pack,Distribution rights / Commercialised,Product Link: https://www.bayercropscience.in/protect-crops/fungicides/nativo
Fertilizers & Crop Protection (Insecticide),Trance,Trance,Bayer CropScience India,India,Bayer CropScience India Insecticide product: Trance. Formulated for high quality crop performance and protection.,Not specified on site,"Spirotetramat – Mode of action: Inhibitor of acetyl‑CoA carboxylase (ACC) affecting lipid biosynthesis | Flonicamid- Chordotonal organ modulator; disrupting the feeding behavior of insects | Dual MoA mixture: Spirotetramat (Lipid biosynthesis inhibitor) + Flonicamid (Feeding blocker). | Power of Trance: Two-way Systemicity, translaminar and fast feeding cessation. | Excellent efficacy on Aphids, Jassids and Whitefly Nymph. | Best fit in Integrated Pest Management strategies | Rain fastness within 2 hours. | Wear personal protective equipment.","Key BenefitsSome of the benefits include:Dual MoA mixture: Spirotetramat (Lipid biosynthesis inhibitor) + Flonicamid (Feeding blocker). Power of Trance: Two-way Systemicity, translaminar and fast feeding cessation.Excellent efficacy on Aphids, Jassids and Whitefly Nymph.Best fit in Integrated Pest Management strategiesRain fastness within 2 hours.",Fully registered & commercialised,₹580 per 250ml bottle,Distribution rights / Commercialised,Product Link: https://www.bayercropscience.in/protect-crops/insecticides/trance
Fertilizers & Crop Protection (Herbicide),Roundup® 41,Roundup® 41,Bayer CropScience India,India,Install Bayer Farmrise App for expert farming solutions! Copyright © Bayer AG 2026,Not specified on site,"High efficiency Herbicide for targeted agricultural crops | Enhances crop yield, health, and stress tolerance | Manufactured under strict quality standards for consistent performance",Selective pre or early post-emergence spray on moist soil.,Fully registered & commercialised,₹520 per 500ml bottle,Distribution rights / Commercialised,Product Link: https://www.bayercropscience.in/protect-crops/herbicides/roundup-41
Fertilizers & Crop Protection (Fungicide),BUONOS®,BUONOS®,Bayer CropScience India,India,Bayer CropScience India Fungicide product: BUONOS®. Formulated for high quality crop performance and protection.,Not specified on site,"Buonos contains tebuconazole, which has excellent effectiveness against various types of diseases affecting crops. Buonos protects crops like fruits, vegetables, and cereals from crop diseases like yellow rust, powdery mildew disease, leaf spot disease, and many more. It also helps with plant growth. | Powdery mildew | Yellow rust | Alternaria Blight | Sheath Blight | Tikka leaf spot | Early Blight | Fruit Anthracnose",Foliar spray application at first appearance of disease symptoms (1.0-1.5 ml/L water).,Fully registered & commercialised,₹650 per 250ml bottle,Distribution rights / Commercialised,"Active Ingredient/Technology: FungicidesBUONOS®Pack Sizes100 ml, 250 ml, 500 ml, 1 LitreRecommended ForRiceTomato+9 MoreProduct DetailsDescriptionFarmers work hard to grow our food and often have trouble protecting their crops from harmful diseases, particularly fungal diseases. Bayer’s Buonos is a new environment-friendly, affordable fungicide to help farmers tackle crop diseases that can lead to decreased crop outcomes and cause farmers to lose money. Buonos contains tebuconazole, which has excellent effectiveness against various types of diseases affecting crops. Buonos protects crops like fruits, vegetables, and cereals from crop diseases like yellow rust, powdery mildew disease, leaf spot disease, and many more. It also helps with plant growth. Protects AgainstPowdery mildew Yellow rust Alternaria Blight Sheath Blight Tikka leaf spot Early Blight Fruit Anthracnose Powdery Mildew Cercospora Leaf Spot/ Frog Eye Leaf Spot Purple BlotchMode of ActionThe active ingredient tebuconazole in Buonos acts as a demethylase inhibitor (DMI) that interferes with the process of building the structure of the fungal cell wall. Finally, this inhibits the reproduction and further growth of the fungus. Key BenefitsSome of the benefits include:Broad-spectrum action against many crop diseases.Prophylactic, curative, eradicative efficacy.Excellent Plant Growth (PG) effect.Improves quality of produce.Environmental and operator safety formulation.Verify Bayer products and win rewards!Download the Bayer Farmrise App Today!Need Help?Contact our Hello Bayer support for all your queriesToll Free Help Desk1800-120-4049 | Product Link: https://www.bayercropscience.in/protect-crops/fungicides/buonos"
Fertilizers & Crop Protection (Insecticide),YEOVAL,YEOVAL,Bayer CropScience India,India,Bayer CropScience India Insecticide product: YEOVAL. Formulated for high quality crop performance and protection.,Not specified on site,"YEOVAL is a novel granular insecticide designed for Sugarcane farmers in India. It boasts a dual action mechanism that efficiently safeguards against Early Shoot Borer. This insecticide harnesses the potency of Tetraniliprole, a cutting-edge diamide for controlling lepidopteran pests, and Fipronil, a versatile insecticide. Its granular form ensures easy application, fits well with farmers' practices, and delivers improved durability and effectiveness. | Early shoot borer | Ryanodine receptor modulators and GABA-gated chloride channel blockers. | Strong performance with Dual Mode of action offers better resistance management. | The granular formulation ensures easy application. | Provides early protection against Early Shoot Borer (dead hearts) and offers prolonged persistence. | Wear personal protective equipment. | Unprotected persons must be kept away.",Keep working clothes separately.,Fully registered & commercialised,₹580 per 250ml bottle,Distribution rights / Commercialised,Product Link: https://www.bayercropscience.in/protect-crops/insecticides/yeoval
Fertilizers & Crop Protection (Insecticide),Tocakis,Tocakis,Bayer CropScience India,India,Bayer CropScience India Insecticide product: Tocakis. Formulated for high quality crop performance and protection.,Not specified on site,"Tocakis powered by Triflumezopyrim. Is the first commercial insecticide that interacts with the nAChR to inhibit rather than activate the receptor. This inhibition occurs due to rapid modification of the receptor to a desensitized state. | Brown Plant Hopper | White Backed Plant Hopper | It binds to the orthosteric site of the nicotinic acetylcholine receptor (nAChR), disrupting nerve signal transmission. | Excellent, long-lasting control of key hopper pests. | Less stress on the rice plant. | Reduced pest damage. | Cleaner, greener, healthier stems.",Foliar spray / root zone drenching upon pest threshold observation.,Fully registered & commercialised,₹580 per 250ml bottle,Distribution rights / Commercialised,Product Link: https://www.bayercropscience.in/protect-crops/insecticides/tocakis
Fertilizers & Crop Protection (Chemical / Nitrogenous Fertilizer),Urea (Ujjwala Neem Coated Urea),Urea (Ujjwala Neem Coated Urea),Rashtriya Chemicals and Fertilizers (RCF),India,"Ujjwala Neem Coated Urea is RCF's flagship nitrogenous fertilizer containing 46% Nitrogen. Neem coating slows down the nitrification process in soil, minimizing nitrogen loss due to leaching and volatilization. This ensures continuous, steady supply of nitrogen throughout the vegetative growth period of crops, enhancing photosynthetic activity and crop biomass.","Paddy, Wheat, Sugarcane, Cotton, Maize, Vegetables, Potatoes","Neem coating slows nitrogen release for maximum nitrogen use efficiency | Reduces nitrogen losses from leaching into groundwater and gaseous volatilization | Promotes vegetative crop growth, tillering, and dark green leaf color | Reduces insect pest infestation due to natural neem oil properties | Increases agricultural yield per bag of urea applied",Not specified on site,Fully registered & commercialised,₹266.50 per 45kg bag,Distribution rights / Commercialised,"Active Ingredient/Technology: 46% Nitrogen (N), Neem Oil Coating | Product Link: https://www.rcfltd.com/product-fertilizer/fertilizer-1"
Fertilizers & Crop Protection (Complex Fertilizer),Suphala 15:15:15,Suphala 15:15:15,Rashtriya Chemicals and Fertilizers (RCF),India,"Suphala 15:15:15 is a homogeneous nitrophosphate complex fertilizer containing 15% Nitrogen, 15% Phosphate (P2O5), and 15% Potash (K2O), along with 4% elemental Sulphur. It provides primary macro-nutrients N, P, and K in equal proportion, ensuring balanced crop nutrition during basal application and initial plant establishment.","Sugarcane, Potato, Cotton, Grapes, Vegetables, Paddy, Bananas","Balanced ratio of Nitrogen, Phosphorus, and Potassium for equal root and shoot growth | Contains 4% elemental Sulphur for oil synthesis and protein building | Granular homogeneous form ensures uniform nutrient distribution | Water-soluble nitrate nitrogen gives quick start to young seedlings | Suitable for long-duration cash crops like sugarcane, cotton, and fruit trees",Not specified on site,Fully registered & commercialised,"₹1,450 per 50kg bag",Distribution rights / Commercialised,"Active Ingredient/Technology: 15% N, 15% P2O5, 15% K2O, 4% S | Product Link: https://www.rcfltd.com/product-fertilizer/fertilizer-1"
Fertilizers & Crop Protection (Complex Fertilizer),Suphala 20:20:0,Suphala 20:20:0,Rashtriya Chemicals and Fertilizers (RCF),India,"Suphala 20:20:0 is a high-grade nitrophosphate complex fertilizer containing 20% Nitrogen (in Ammoniacal and Nitrate form), 20% Phosphate (P2O5), and 13% Sulphur. It is ideal for leguminous crops, oilseeds, and cereals requiring high early nitrogen and phosphorus along with secondary sulphur.","Oilseeds, Groundnut, Mustard, Soybean, Pulses, Wheat, Paddy",High phosphorus content promotes rapid root elongation and flowering | Enriched with 13% Sulphur to increase oil content in oilseed crops | Dual nitrogen forms provide both immediate absorption and sustained growth | Increases pod development in pulses and grain density in cereals | Prevents sulphur deficiency yellowing in young crop foliage,Not specified on site,Fully registered & commercialised,"₹1,250 per 50kg bag",Distribution rights / Commercialised,"Active Ingredient/Technology: 20% N, 20% P2O5, 13% S | Product Link: https://www.rcfltd.com/product-fertilizer/fertilizer-1"
Fertilizers & Crop Protection (Bio-Fertilizer),Biola (Bio-Fertilizers),Biola (Bio-Fertilizers),Rashtriya Chemicals and Fertilizers (RCF),India,"Biola encompasses RCF's range of carrier-based and liquid bio-fertilizers including Azotobacter, Rhizobium, Phosphate Solubilizing Bacteria (PSB), and Potash Mobilizing Bacteria (KMB). These live beneficial microbial formulations fix atmospheric nitrogen, solubilize insoluble soil phosphorus, and mobilize soil potassium.",All Agricultural & Horticultural Crops,"Fixes atmospheric nitrogen into plant-available form in soil | Solubilizes locked-up soil phosphorus, reducing chemical DAP requirement by 20-25% | Improves soil biological activity and organic humus layer | Secretes plant growth promoting hormones (auxins, gibberellins) | Eco-friendly, non-toxic, and safe for organic farming",Not specified on site,Fully registered & commercialised,₹180 per 1L bottle,Distribution rights / Commercialised,Active Ingredient/Technology: Azotobacter / PSB / KMB (Min 1x10^8 CFU/ml) | Product Link: https://www.rcfltd.com/product-fertilizer/fertilizer-1
Fertilizers & Crop Protection (Micronutrient),Microla (Micronutrient Mixture),Microla (Micronutrient Mixture),Rashtriya Chemicals and Fertilizers (RCF),India,"Microla is RCF's specialized micronutrient mixture formulated according to state-specific agricultural department recommendations. It supplies balanced chelated and sulphate salts of Zinc, Iron, Manganese, Boron, Copper, and Molybdenum to overcome hidden micronutrient hunger.","Paddy, Citrus, Cotton, Sugarcane, Fruits, Vegetables",Corrects micronutrient deficiencies like Zinc khaira disease and Boron cracking | Enhances enzyme activation and chlorophyll synthesis | Prevents flower drop and improves fruit retention and grain size | Improves crop resilience against environmental stress factors | Available for both soil application and foliar fertigation,Not specified on site,Fully registered & commercialised,₹450 per 500ml bottle / pack,Distribution rights / Commercialised,"Active Ingredient/Technology: Chelated & Sulphate Micronutrient Salts (Zn, Fe, Mn, B, Cu, Mo) | Product Link: https://www.rcfltd.com/product-fertilizer/fertilizer-1"
Fertilizers & Crop Protection (Phosphatic Fertilizer),RCF Single Super Phosphate (SSP),RCF Single Super Phosphate (SSP),Rashtriya Chemicals and Fertilizers (RCF),India,"RCF Single Super Phosphate (SSP) is a popular multi-nutrient fertilizer providing 16% Water Soluble P2O5, 11% Sulphur, 19% Calcium, and trace micro-elements. SSP is highly recommended for oilseed and pulse crops due to its high sulphur and calcium combination.","Groundnut, Soybean, Mustard, Pulses, Sunflower","Provides three essential nutrients: Phosphorus (16%), Sulphur (11%), and Calcium (19%) | Promotes strong root network and sturdy stem development | Improves oil percentage in mustard, groundnut, and soybean seeds | Helps reclaim sodic/alkaline soils due to high calcium content | Cost-effective alternative to DAP for basal phosphatic application",Not specified on site,Fully registered & commercialised,₹550 per 50kg bag,Distribution rights / Commercialised,"Active Ingredient/Technology: 16% P2O5, 11% S, 19% Ca | Product Link: https://www.rcfltd.com/product-fertilizer/fertilizer-1"
Fertilizers & Crop Protection (Water Soluble Fertilizer),Water Soluble NPK 19:19:19,Water Soluble NPK 19:19:19,Rashtriya Chemicals and Fertilizers (RCF),India,"100% water-soluble specialty fertilizer containing 19% Nitrogen, 19% Phosphorus, and 19% Potassium. It dissolves instantly in water without leaving any residue, making it ideal for drip irrigation (fertigation) and foliar spraying during vegetative and reproductive stages.","Drip Irrigated Crops, Vegetables, Flowers, Grapes, Pomegranate",100% water soluble for rapid foliage and root absorption | Balanced NPK ratio supports overall vegetative and generative plant growth | Leaves no salt sediment in drip lines or spray nozzles | Ideal booster spray after stress periods or pest recovery | Enhances yield quality and fruit size in high-value horticulture crops,Not specified on site,Fully registered & commercialised,₹150 per 1kg pack,Distribution rights / Commercialised,"Active Ingredient/Technology: 19% Total N, 19% P2O5, 19% K2O | Product Link: https://www.rcfltd.com/product-fertilizer/fertilizer-1"
Fertilizers & Crop Protection (Water Soluble Fertilizer),Water Soluble Mono Potassium Phosphate (0:52:34),Water Soluble Mono Potassium Phosphate (0:52:34),Rashtriya Chemicals and Fertilizers (RCF),India,"Specialty 100% water-soluble fertilizer containing 52% Phosphorus (P2O5) and 34% Potassium (K2O) with zero Nitrogen. It is applied during pre-flowering and flowering stages to stimulate flower bud differentiation, root development, and disease resistance.","Grapes, Pomegranate, Tomato, Cotton, Melons, Papaya","High phosphorus and potassium content with zero nitrogen prevents excessive vegetative growth | Promotes profuse flowering, uniform fruit setting, and sugar accumulation | Increases crop resistance against powdery mildew and fungal diseases | Improves fruit weight, color, firmness, and shelf life | Ideal for foliar spray and drip fertigation during reproductive stage",Not specified on site,Fully registered & commercialised,₹220 per 1kg pack,Distribution rights / Commercialised,"Active Ingredient/Technology: 52% P2O5, 34% K2O | Product Link: https://www.rcfltd.com/product-fertilizer/fertilizer-1"
Fertilizers & Crop Protection (Nitrogenous & Sulphur Fertilizer),Ammonium Sulphate,Ammonium Sulphate,Rashtriya Chemicals and Fertilizers (RCF),India,"RCF Ammonium Sulphate contains 20.6% Nitrogen in ammoniacal form and 23% Sulphur in sulphate form. Ammoniacal nitrogen resists leaching loss in flooded paddy soils, while sulphate sulphur is readily absorbed by crop roots.","Paddy, Tea, Sugarcane, Oilseeds, Potatoes","Ammoniacal nitrogen remains bound to soil particles, reducing leaching in paddy fields | High 23% sulphate sulphur content corrects sulphur deficiency rapidly | Acidifying effect helps lower pH in alkaline and sodic soils | Enhances protein synthesis and green leaf color | Excellent top dressing for paddy, tea, sugarcane, and oilseed crops",Not specified on site,Fully registered & commercialised,₹950 per 50kg bag,Distribution rights / Commercialised,"Active Ingredient/Technology: 20.6% N, 23% S | Product Link: https://www.rcfltd.com/product-fertilizer/fertilizer-1"
Fertilizers & Crop Protection (Organic Fertilizer),RCF City Compost,RCF City Compost,Rashtriya Chemicals and Fertilizers (RCF),India,"RCF City Compost is a high-grade eco-friendly organic fertilizer produced through aerobic bio-decomposition of organic waste. It is enriched with beneficial soil microbes, humic substances, and micro-nutrients to restore depleted soil organic carbon.",Soil Conditioner for All Agricultural and Horticultural Crops,"Restores soil organic matter and improves soil physical structure | Increases soil water holding capacity and aeration | Enhances microbial population and earthworm activity in root zone | Buffers soil pH and improves cation exchange capacity (CEC) | 100% natural, weed-free, and safe for organic agriculture",Not specified on site,Fully registered & commercialised,₹250 per 50kg bag,Distribution rights / Commercialised,"Active Ingredient/Technology: Organic Carbon Min 12%, C:N Ratio < 20:1 | Product Link: https://www.rcfltd.com/product-fertilizer/fertilizer-1"
Fertilizers & Crop Protection (Chemical Fertilizer / Nitrogenous),KRIBHCO Neem Coated Urea,KRIBHCO Neem Coated Urea,KRIBHCO (Krishak Bharati Cooperative Limited),India,"KRIBHCO Neem Coated Urea is a primary nitrogenous fertilizer containing 46% Nitrogen. It is coated with pure neem oil to retard nitrification, allowing gradual nitrogen release matching the physiological demand of crops. This reduces nitrogen volatilization and leaching losses into groundwater, ensuring dark green foliage, robust tillering, and higher grain yields.","Paddy, Wheat, Maize, Sugarcane, Cotton, Vegetables, Potatoes","Neem oil coating slows down nitrification and minimizes nitrogen losses | Promotes vigorous vegetative growth, tillering, and leaf greenness | Increases nitrogen use efficiency (NUE) by up to 10-15% | Acts as a natural pest repellent against soil-dwelling insects | Reduces fertilizer requirement per acre while increasing crop productivity",Basal Soil Application at sowing/planting and Top Dressing during tillering/growth stage,Fully registered & commercialised,₹266.50 per 45kg bag,Distribution rights / Commercialised,"Active Ingredient/Technology: 46% Nitrogen (N), Neem Oil Coating | Product Link: https://www.kribhco.net/pages/products/product.html"
Fertilizers & Crop Protection (Complex Fertilizer),KRIBHCO DAP (Di-Ammonium Phosphate),KRIBHCO DAP (Di-Ammonium Phosphate),KRIBHCO (Krishak Bharati Cooperative Limited),India,"KRIBHCO Di-Ammonium Phosphate (DAP) is a concentrated phosphatic complex fertilizer containing 18% Nitrogen and 46% Phosphorus (P2O5). It provides readily available water-soluble phosphate required during root initiation and early seedling development, fostering strong plant anchorage and shoot establishment.","Wheat, Gram, Mustard, Paddy, Pulses, Oilseeds, Soybean","High phosphorus content (46% P2O5) stimulates deep and extensive root development | Contains 18% Nitrogen for initial shoot growth and tillering | Essential basal fertilizer for cereals, oilseeds, and pulse crops | Promotes early flowering, uniform pod setting, and grain development | Improves plant resistance against early environmental stress",Basal Soil Application at sowing/planting and Top Dressing during tillering/growth stage,Fully registered & commercialised,"₹1,350 per 50kg bag",Distribution rights / Commercialised,"Active Ingredient/Technology: 18% Nitrogen (N), 46% Phosphorus (P2O5) | Product Link: https://www.kribhco.net/pages/products/product.html"
Fertilizers & Crop Protection (Complex Fertilizer),KRIBHCO NPK (10:26:26),KRIBHCO NPK (10:26:26),KRIBHCO (Krishak Bharati Cooperative Limited),India,"KRIBHCO NPK 10:26:26 is a balanced complex fertilizer containing 10% Nitrogen, 26% Phosphorus (P2O5), and 26% Potassium (K2O). The high potassium content strengthens plant stems against lodging, improves drought tolerance, and enhances grain filling and fruit quality.","Sugarcane, Potato, Cotton, Oilseeds, Vegetables, Fruits, Paddy","High potassium ratio (26% K2O) enhances drought tolerance and lodging resistance | Balanced 26% P2O5 promotes robust root growth and flowering | Improves fruit size, color, taste, and post-harvest keeping quality | Ideal for long-duration cash crops, tubers, and horticultural fruit trees | Granular homogeneous mix guarantees uniform nutrient distribution",Basal Soil Application at sowing/planting and Top Dressing during tillering/growth stage,Fully registered & commercialised,"₹1,470 per 50kg bag",Distribution rights / Commercialised,"Active Ingredient/Technology: 10% N, 26% P2O5, 26% K2O | Product Link: https://www.kribhco.net/pages/products/product.html"
Fertilizers & Crop Protection (Potassic Fertilizer),KRIBHCO MOP (Muriate of Potash),KRIBHCO MOP (Muriate of Potash),KRIBHCO (Krishak Bharati Cooperative Limited),India,"KRIBHCO Muriate of Potash (MOP) contains 60% Potassium (K2O) as Potassium Chloride. Potassium regulates stomatal opening and water retention in leaves, activates over 60 plant enzymes, and increases disease resistance and grain weight.","Paddy, Sugarcane, Potato, Banana, Tea, Cotton","Provides concentrated 60% Potash (K2O) for osmotic regulation and cell turgor | Protects crops against drought, frost, and fungal disease infections | Increases starch content in potatoes and sugar content in sugarcane | Improves grain plumpness, weight, and luster in cereal crops | Essential for high potash-demanding crops like banana, potato, and tea",Basal Soil Application at sowing/planting and Top Dressing during tillering/growth stage,Fully registered & commercialised,"₹1,700 per 50kg bag",Distribution rights / Commercialised,Active Ingredient/Technology: 60% K2O (Potassium Chloride) | Product Link: https://www.kribhco.net/pages/products/product.html
Fertilizers & Crop Protection (Bio-Fertiliser),KRIBHCO Liquid Bio-Fertilisers (Azotobacter / PSB / KMB),KRIBHCO Liquid Bio-Fertilisers (Azotobacter / PSB / KMB),KRIBHCO (Krishak Bharati Cooperative Limited),India,"KRIBHCO Liquid Bio-Fertilisers contain specialized living microbial strains including Azotobacter chroococcum (nitrogen fixer), Bacillus megaterium (phosphate solubilizer), and Frateuria aurantia (potash mobilizer). Formulated with a cell count of minimum 1x10^8 CFU/ml, they activate soil biology and release bound soil nutrients.",All Agricultural and Horticultural Crops,"Fixes atmospheric nitrogen and solubilizes locked soil phosphorus | Reduces chemical fertilizer costs by 20-25% | Longer shelf-life (12-24 months) and heat resistance compared to carrier biofertilizers | Produces natural plant growth hormones (auxins, cytokinins) | Enhances root density and soil organic fertility","Seed Treatment (10 ml/kg seed), Soil Application (1 L/acre), or Drip Fertigation",Fully registered & commercialised,₹180 per 1L bottle,Distribution rights / Commercialised,"Active Ingredient/Technology: Azotobacter chroococcum, Bacillus megaterium, Frateuria aurantia (Min 1x10^8 CFU/ml) | Product Link: https://www.kribhco.net/pages/products/bio-fertilizers.html"
Fertilizers & Crop Protection (Organic Fertilizer),KRIBHCO City Compost,KRIBHCO City Compost,KRIBHCO (Krishak Bharati Cooperative Limited),India,"KRIBHCO City Compost is an eco-friendly organic soil conditioner produced by aerobic composting of municipal solid organic waste. It is enriched with humic acid, fulvic acid, organic carbon (min 12%), and essential secondary and micro-nutrients.","Vegetables, Fruits, Flowers, Cereal Crops, Sugarcane","Recharges depleted soil organic carbon and improves soil structure | Increases soil water holding capacity and aeration | Encourages proliferation of earthworms and beneficial soil bacteria | Improves nutrient retention and reduces nutrient leaching | 100% natural, eco-friendly, and weed-free product",Basal Soil Application at sowing/planting and Top Dressing during tillering/growth stage,Fully registered & commercialised,₹250 per 50kg bag,Distribution rights / Commercialised,"Active Ingredient/Technology: Organic Carbon Min 12%, C:N Ratio < 20:1 | Product Link: https://www.kribhco.net/pages/products/city-compost.html"
Fertilizers & Crop Protection (Micronutrient),KRIBHCO Zinc Sulphate Heptahydrate (21% Zn),KRIBHCO Zinc Sulphate Heptahydrate (21% Zn),KRIBHCO (Krishak Bharati Cooperative Limited),India,"KRIBHCO Zinc Sulphate Heptahydrate contains 21% Zinc and 10% Sulphur. Zinc is an essential constituent of tryptophan precursor required for auxin synthesis, while sulphur aids in amino acid and protein formation. It cures Khaira disease in paddy and white bud in maize.","Paddy, Maize, Wheat, Citrus, Cotton, Pulses",Cures Zinc deficiency symptoms such as Khaira disease in paddy and white bud in maize | Promotes auxin hormone synthesis for cell elongation and leaf growth | Improves chlorophyll formation and photosynthetic activity | Enhances flower retention and grain development | Supplies 10% Sulphur for enhanced oil content in oilseed crops,Soil Application (10-15 kg/acre) or Foliar Spray (0.5% solution),Fully registered & commercialised,₹450 per 10kg bag,Distribution rights / Commercialised,"Active Ingredient/Technology: 21% Zinc (Zn), 10% Sulphur (S) | Product Link: https://www.kribhco.net/pages/products/zinc.html"
Fertilizers & Crop Protection (Phosphatic Fertilizer),KRIBHCO Single Super Phosphate (SSP),KRIBHCO Single Super Phosphate (SSP),KRIBHCO (Krishak Bharati Cooperative Limited),India,"KRIBHCO Single Super Phosphate (SSP) contains 16% Water Soluble P2O5, 11% Sulphur, and 19% Calcium. It is an economical phosphatic fertilizer specifically tailored for leguminous, oilseed, and pulse crops requiring simultaneous sulphur and calcium nutrition.","Groundnut, Mustard, Soybean, Pulses, Sunflower","Supplies 16% Water Soluble Phosphorus, 11% Sulphur, and 19% Calcium | Boosts nodulation and nitrogen fixation in legume crops | Increases oil content in groundnut, mustard, and soybean seeds | Improves soil physical health and calcium availability | Cost-effective alternative to DAP for basal soil application",Basal Soil Application at sowing/planting and Top Dressing during tillering/growth stage,Fully registered & commercialised,₹550 per 50kg bag,Distribution rights / Commercialised,"Active Ingredient/Technology: 16% P2O5, 11% S, 19% Ca | Product Link: https://www.kribhco.net/pages/products/product.html"
